"","baseMean","log2FoldChange","lfcSE","stat","pvalue","padj"
"hsa-miR-133a-3p",23.5057340331431,-4.32861404904271,1.30200411611624,-3.32457785306745,0.000885525058007355,0.594187313922935
"hsa-let-7a-3p",0.0283165655380398,-2.54989764525621,4.49181060087276,-0.5676770175396,0.570254299896979,0.722385345640182
"hsa-let-7b-3p",0.443516725346114,-1.1617283120564,1.53068756383386,-0.758958483432544,0.44787739234688,0.722385345640182
"hsa-let-7c-5p",3.95213914504018,1.70399726697798,0.983289959917728,1.73295501473497,0.0831036647665624,0.722385345640182
"hsa-let-7d-3p",3.02801538932562,-1.10709036249737,0.873750943541243,-1.26705484060529,0.205135681447121,0.722385345640182
"hsa-let-7d-5p",36.3727873833015,0.409354278042776,0.725523965973582,0.564218822866124,0.572605219252341,0.722385345640182
"hsa-let-7e-5p",2.46479873093384,1.3896066653953,1.36567969912413,1.01752018887482,0.308906033097078,0.722385345640182
"hsa-let-7f-1-3p",0.035491212964755,-2.48413244110299,4.49165440398231,-0.553055114592198,0.580225670814155,0.722385345640182
"hsa-let-7f-5p",47.2151950841879,0.48691177467002,0.804469194174604,0.605258446433859,0.545007286801225,0.722385345640182
"hsa-let-7i-5p",1003.81873201043,0.561583111384976,0.456353759201452,1.23058723646247,0.218477281333702,0.722385345640182
"hsa-miR-1-3p",14.5830794696015,-5.4984576797976,2.65964664453584,-2.06736398276591,0.0386998694185643,0.722385345640182
"hsa-miR-101-2-5p",0.44147740231275,-3.33044506433232,2.55746029518186,-1.30224702632011,0.192831954090261,0.722385345640182
"hsa-miR-103a-2-5p",0.0664909688233735,-2.31296312774721,4.26619505310021,-0.542160660485133,0.587707833265363,0.722385345640182
"hsa-miR-103a-3p",479.907812280208,0.245451197442698,0.438397046772578,0.559883327795382,0.575559021425774,0.722385345640182
"hsa-miR-103b",479.907812280208,0.245451197442698,0.438397046772578,0.559883327795382,0.575559021425774,0.722385345640182
"hsa-miR-10527-5p",2.12950133917929,-2.24247721323418,1.18355908367571,-1.89468970680352,0.0581335222122888,0.722385345640182
"hsa-miR-10b-5p",7.05173341780365,0.941316281818582,1.01896411225013,0.923797286383249,0.355591868305029,0.722385345640182
"hsa-miR-11401",0.409701100678137,-1.51979286220749,2.63895756140731,-0.575906518707716,0.564678369245095,0.722385345640182
"hsa-miR-1179",0.360932680055886,-1.72312926549482,1.95024685485423,-0.883544183755964,0.376942321175934,0.722385345640182
"hsa-miR-1185-1-3p",0.0859118630780019,-2.16806698843578,4.0621413097807,-0.533725152105265,0.593531704724103,0.722385345640182
"hsa-miR-1185-2-3p",0.00182915898980574,-2.79810719011928,4.49218972277971,-0.622882683678784,0.533361618085026,0.722385345640182
"hsa-miR-12114",0.00365831797961148,-2.77678426896926,4.49215698313827,-0.618140523448353,0.536482711902032,0.722385345640182
"hsa-miR-122-3p",0.0279241203314585,-2.54364919203568,4.491798054667,-0.566287522519587,0.571198341098308,0.722385345640182
"hsa-miR-1224-5p",2.51051826718785,-1.21560075752584,1.27677469501144,-0.952087131954749,0.341052794517034,0.722385345640182
"hsa-miR-1226-3p",0.22142765985674,-1.49029834040569,2.49996217909369,-0.596128354608135,0.551089483310907,0.722385345640182
"hsa-miR-1228-5p",7.7862413142108,-3.59487560364539,1.69396506056449,-2.12216632286822,0.0338237735059359,0.722385345640182
"hsa-miR-122b-5p",0.0279241203314585,-2.54364919203568,4.491798054667,-0.566287522519587,0.571198341098308,0.722385345640182
"hsa-miR-1237-3p",0.14415895833096,-2.38912241490473,2.73315400397642,-0.874126526141168,0.382049353169711,0.722385345640182
"hsa-miR-1237-5p",0.00182915898980574,-2.79810719011928,4.49218972277971,-0.622882683678784,0.533361618085026,0.722385345640182
"hsa-miR-1238-3p",0.00548747696941721,-2.75605694587045,4.49212558973436,-0.613530697398295,0.539525491598013,0.722385345640182
"hsa-miR-1251-5p",0.0104515756623599,-2.70692233657768,4.49205284028235,-0.60260251444583,0.546773147240159,0.722385345640182
"hsa-miR-125a-3p",0.366257422166522,-1.57001955266254,2.28551043013323,-0.686944820711676,0.492117501061683,0.722385345640182
"hsa-miR-125a-5p",61.8689280543468,0.690683871055776,0.590605023337982,1.16945139943472,0.242221811425258,0.722385345640182
"hsa-miR-126-3p",413.573758630265,1.02867743550926,0.616274812646304,1.66918623704916,0.0950804768044231,0.722385345640182
"hsa-miR-126-5p",86.2659688688978,0.711395083039669,0.643456358550019,1.10558404402553,0.268906599172446,0.722385345640182
"hsa-miR-1260b",0.607653133237155,-1.2213354752443,1.86077937991752,-0.656356948290365,0.511594483849835,0.722385345640182
"hsa-miR-127-3p",21.1573341106256,-0.496876787873434,0.906096395562536,-0.548370780754465,0.583437335351223,0.722385345640182
"hsa-miR-1273c",0.00386037678302838,-2.77491894474155,4.49215414058932,-0.617725674118901,0.53675618503376,0.722385345640182
"hsa-miR-1273h-3p",0.0265424358434639,-2.55382486234693,4.49181849202223,-0.568550324747693,0.569661344341607,0.722385345640182
"hsa-miR-1277-3p",0.276095257709862,-1.26702886414728,1.90728244637873,-0.664311081220787,0.506491230162675,0.722385345640182
"hsa-miR-1277-5p",0.0619353601959473,-2.27290511969686,4.49113674136416,-0.50608682179792,0.612795701339365,0.722385345640182
"hsa-miR-128-1-5p",0.0110350242097437,-2.69874183314211,4.49204095254257,-0.600782998564288,0.54798452934031,0.722385345640182
"hsa-miR-128-3p",3.51315327051398,1.21622673987726,1.2261866227849,0.991877351520094,0.321257358566188,0.722385345640182
"hsa-miR-1292-3p",0.00182915898980574,-2.79810719011928,4.49218972277971,-0.622882683678784,0.533361618085026,0.722385345640182
"hsa-miR-1306-5p",3.59263079069402,0.935814193576626,0.967907040070051,0.966843048800325,0.333622500412564,0.722385345640182
"hsa-miR-130a-3p",20.3853324963109,-0.482133863303813,0.604938989020797,-0.796995849257845,0.425453441961888,0.722385345640182
"hsa-miR-130b-3p",2.68895596874178,-0.730713415898786,0.971636957987677,-0.752043661875668,0.452024802236445,0.722385345640182
"hsa-miR-1323",0.00772075356605676,-2.73233687256826,4.49209017889534,-0.608255124842613,0.543018278863514,0.722385345640182
"hsa-miR-134-5p",27.506217428018,-1.75443531376274,0.850483405279281,-2.06286836741585,0.0391251362550108,0.722385345640182
"hsa-miR-1343-3p",0.040421708588454,-2.43332193361586,4.49152341842602,-0.541758710114568,0.587984738993616,0.722385345640182
"hsa-miR-135a-5p",0.0626593892887424,-2.39445756916996,4.49142604493257,-0.533117443149597,0.593952285086208,0.722385345640182
"hsa-miR-136-5p",1.81405024722748,-0.688683866357629,1.33404212028743,-0.516238472447365,0.605687862995102,0.722385345640182
"hsa-miR-138-5p",0.157440087322862,-2.29116170854065,3.02015524967942,-0.758623818687414,0.448077620185214,0.722385345640182
"hsa-miR-140-3p",404.030246560774,-0.437227970520944,0.322069584530526,-1.35755747056426,0.174604145749507,0.722385345640182
"hsa-miR-140-5p",21.0181345016621,-0.807846117721355,0.711425964225684,-1.13553083292457,0.25615297071659,0.722385345640182
"hsa-miR-141-3p",8.9654862183813,0.619826378149198,1.071662563469,0.578378306080604,0.563008737121017,0.722385345640182
"hsa-miR-141-5p",0.0346702714879408,-2.5539046815641,4.49181865286248,-0.568568074300281,0.569649295853606,0.722385345640182
"hsa-miR-142-3p",0.382634470655226,-1.46064291087079,1.71261957249172,-0.852870616645862,0.393731057877839,0.722385345640182
"hsa-miR-143-3p",112.813278672167,0.951114732038507,0.581198794394854,1.63647058667562,0.10174113670178,0.722385345640182
"hsa-miR-143-5p",7.10331144071138,-0.840239479832931,1.27788263036689,-0.657524767819792,0.510843550718321,0.722385345640182
"hsa-miR-145-3p",0.951319940210554,-0.856283873823364,1.23494945955992,-0.693375641565531,0.488073844537943,0.722385345640182
"hsa-miR-146a-5p",500.229926324324,0.494585368009605,0.489519419758045,1.01034881977525,0.312328199161211,0.722385345640182
"hsa-miR-146b-3p",1.22968896380924,-2.75813855605223,1.36538959468777,-2.02003777294271,0.0433794696049464,0.722385345640182
"hsa-miR-146b-5p",17.4732691679417,-0.465159134788984,0.712023835629758,-0.653291521312019,0.513568357440741,0.722385345640182
"hsa-miR-147b-3p",0.847224753361431,-2.24467211356135,1.5476847891929,-1.45034191021023,0.146963197383379,0.722385345640182
"hsa-miR-149-5p",0.0863248231547543,-2.33290997335425,4.49127674321365,-0.519431356992039,0.603459969336869,0.722385345640182
"hsa-miR-150-5p",0.0305019425013145,-2.64152087459438,4.49195955040264,-0.588055356455205,0.556495137256193,0.722385345640182
"hsa-miR-154-5p",0.0780700445075357,-2.2996376290866,4.49119844636006,-0.512032068177786,0.608628566255358,0.722385345640182
"hsa-miR-16-2-3p",9.19202943000435,-0.80135544175796,0.691416724339441,-1.15900500168484,0.246454146288979,0.722385345640182
"hsa-miR-16-5p",6913.93187864582,0.796870717641994,0.8286281533328,0.961674684159504,0.336213042903789,0.722385345640182
"hsa-miR-181a-5p",147.000681980211,0.977264640249952,0.627223470971671,1.55808046968652,0.119214173772741,0.722385345640182
"hsa-miR-181b-2-3p",0.00182915898980574,-2.79810719011928,4.49218972277971,-0.622882683678784,0.533361618085026,0.722385345640182
"hsa-miR-181b-5p",19.8587940957147,1.23498258878237,0.758027777900995,1.62920492465603,0.103269644801408,0.722385345640182
"hsa-miR-181c-3p",1.40310500136756,0.909023891219484,1.35697112500557,0.669891845499476,0.502926738400591,0.722385345640182
"hsa-miR-181d-3p",0.0113790715456682,-2.69370984482992,4.49203367158445,-0.599663769635052,0.548730338559921,0.722385345640182
"hsa-miR-185-3p",20.2997625200119,-1.75791227734779,0.829506238144516,-2.11922731440812,0.034071260975515,0.722385345640182
"hsa-miR-185-5p",490.217596459668,-0.702680013235583,0.658578509021636,-1.06696468774765,0.285987782020469,0.722385345640182
"hsa-miR-188-3p",0.00869832044721759,-2.72404431122348,4.4920779276161,-0.606410742448785,0.544242036784199,0.722385345640182
"hsa-miR-188-5p",0.820449204459859,-0.795260631077588,1.56554291096775,-0.507977536422808,0.611469096949275,0.722385345640182
"hsa-miR-190a-3p",0.00717464742671529,-2.7394624991976,4.49210075912054,-0.609839949301121,0.541967835023341,0.722385345640182
"hsa-miR-190a-5p",40.696918747138,1.56682637117009,0.812358006675731,1.92873875593563,0.0537633023241755,0.722385345640182
"hsa-miR-191-3p",0.0134102893388909,-2.67345189941496,4.49200460016801,-0.595157872125724,0.5517379473924,0.722385345640182
"hsa-miR-191-5p",0.0373914150097824,-2.45500757309737,4.4915788036372,-0.546580095869486,0.584667246635276,0.722385345640182
"hsa-miR-1911-5p",0.0259719510407232,-2.64152087460966,4.49195955040266,-0.588055356458603,0.556495137253912,0.722385345640182
"hsa-miR-1915-3p",0.0552643827280676,-2.64152087453542,4.49195955040256,-0.588055356442089,0.556495137264996,0.722385345640182
"hsa-miR-193a-3p",0.0524543603809126,-2.53752974902191,4.49178582805148,-0.564926700906993,0.572123621488115,0.722385345640182
"hsa-miR-193a-5p",44.6326322023662,-1.50066332457517,0.863680761000635,-1.73752084373924,0.0822952781456959,0.722385345640182
"hsa-miR-193b-3p",0.0708433052522499,-2.5375297490017,4.49178582805143,-0.564926700902499,0.572123621491172,0.722385345640182
"hsa-miR-196a-3p",0.031199961278602,-2.64152087459221,4.49195955040264,-0.588055356454721,0.556495137256517,0.722385345640182
"hsa-miR-196a-5p",0.36465361126163,-1.21746493901366,1.74761031642929,-0.696645543670845,0.486024646322215,0.722385345640182
"hsa-miR-19a-3p",31.8772001860751,-0.585578384612252,0.579844474346634,-1.00988870381507,0.312548615286012,0.722385345640182
"hsa-miR-19a-5p",0.00182915898980574,-2.79810719011928,4.49218972277971,-0.622882683678784,0.533361618085026,0.722385345640182
"hsa-miR-19b-1-5p",1.14350772958685,-3.25466423518309,1.5497608353945,-2.10010742357842,0.0357193924409091,0.722385345640182
"hsa-miR-19b-3p",131.241557903109,-0.820184107545211,0.586291595046102,-1.39893546910001,0.161832335097899,0.722385345640182
"hsa-miR-200a-3p",6.33362834203909,-0.757985968945378,0.879878004308313,-0.861467118434497,0.38898082355206,0.722385345640182
"hsa-miR-200a-5p",0.00900380641652103,-2.7197038255629,4.49207154138542,-0.60544534976932,0.544883126343041,0.722385345640182
"hsa-miR-205-5p",14.9045319521212,-0.873542112332304,1.07841359044728,-0.810025133279333,0.41792573084472,0.722385345640182
"hsa-miR-206",3.80909944791933,-3.65897096403553,1.62963854230258,-2.24526535735074,0.0247511025777,0.722385345640182
"hsa-miR-20a-3p",0.4701324778035,-1.56939514421522,1.72739087938548,-0.908535041457164,0.363595608806441,0.722385345640182
"hsa-miR-21-3p",0.897123971206212,-0.742170731884159,1.29671348908303,-0.572347506316901,0.567086571383311,0.722385345640182
"hsa-miR-21-5p",291.726738820652,0.677896944990394,0.443154069544476,1.5297093981044,0.126088676322897,0.722385345640182
"hsa-miR-2114-5p",0.00717464742671529,-2.7394624991976,4.49210075912054,-0.609839949301121,0.541967835023341,0.722385345640182
"hsa-miR-214-5p",0.0282456200607537,-2.53527349369404,4.49178134439019,-0.564424957341336,0.572464957856281,0.722385345640182
"hsa-miR-219a-1-3p",0.0304530638805823,-2.52184197723519,4.49175439339565,-0.561438083289488,0.574498928405046,0.722385345640182
"hsa-miR-219a-2-3p",0.0122807346521656,-2.687956643192,4.49202537629245,-0.598384118081394,0.549583660465742,0.722385345640182
"hsa-miR-219a-5p",2.22005354264375,-2.13504902629156,2.08662277286734,-1.02320795788003,0.306209531137598,0.722385345640182
"hsa-miR-219b-3p",0.00182915898980574,-2.79810719011928,4.49218972277971,-0.622882683678784,0.533361618085026,0.722385345640182
"hsa-miR-219b-5p",0.0122807346521656,-2.687956643192,4.49202537629245,-0.598384118081394,0.549583660465742,0.722385345640182
"hsa-miR-223-3p",2080.34182726497,0.476701483489557,0.432537405415192,1.10210464464217,0.270416180396351,0.722385345640182
"hsa-miR-223-5p",18.9136848097354,0.863565054415083,0.759980542417699,1.13629890005849,0.255831490982624,0.722385345640182
"hsa-miR-2276-3p",0.39780775910534,-3.51645603333013,2.92617157420728,-1.20172585378312,0.229469760897906,0.722385345640182
"hsa-miR-2278",0.140682854602038,-1.97451788341565,3.51482031076121,-0.561769225405445,0.574273262197776,0.722385345640182
"hsa-miR-23b-5p",0.0608833998982976,-2.28454627097129,4.49116348149661,-0.508675820950075,0.610979473180161,0.722385345640182
"hsa-miR-26a-1-3p",0.0311785009604737,-2.51214639577781,4.49172845546841,-0.559282784051521,0.575968742869558,0.722385345640182
"hsa-miR-26a-2-3p",0.0474664616476172,-2.38828711676939,4.49141082142899,-0.531745416245298,0.594902332027377,0.722385345640182
"hsa-miR-26a-5p",193.791374350273,0.759738802882721,0.561211399605246,1.35374798768721,0.175816792593657,0.722385345640182
"hsa-miR-26b-5p",336.352789873851,1.4714347420424,0.582675882485236,2.52530572531408,0.0115597676212996,0.722385345640182
"hsa-miR-27b-5p",0.467398291312767,-1.52578981349738,2.21870106932379,-0.687695081862651,0.491644817753992,0.722385345640182
"hsa-miR-28-3p",25.9540606645132,0.679693741435706,0.696395996384389,0.976016153114896,0.329056459659317,0.722385345640182
"hsa-miR-299-3p",0.18181436933634,-1.96091600948652,2.88867182654642,-0.678829623865898,0.497245821273579,0.722385345640182
"hsa-miR-299-5p",0.00772075356605676,-2.73233687256826,4.49209017889534,-0.608255124842613,0.543018278863514,0.722385345640182
"hsa-miR-301b-3p",0.63580849559129,-1.1846333911248,1.40306299717732,-0.844319459288747,0.398490915052963,0.722385345640182
"hsa-miR-3065-3p",0.0797759089929143,-2.22143740886692,4.05043387345812,-0.548444309490809,0.583386858768014,0.722385345640182
"hsa-miR-3065-5p",0.615596004937712,-0.781565865586698,1.51820509763503,-0.514795969796292,0.606695601925307,0.722385345640182
"hsa-miR-30c-1-3p",1.59082706052297,-3.76257721648312,1.88679618383251,-1.99416198141788,0.0461343554711404,0.722385345640182
"hsa-miR-30e-3p",3.77171774395846,1.24473625752153,1.20484082203912,1.03311261932086,0.301551198457206,0.722385345640182
"hsa-miR-3117-3p",0.118498434637835,-2.27479666841911,3.23678554553233,-0.702794991024033,0.482183519244343,0.722385345640182
"hsa-miR-3120-3p",0.0282456200607537,-2.53527349369404,4.49178134439019,-0.564424957341336,0.572464957856281,0.722385345640182
"hsa-miR-3124-3p",0.0323311014911202,-2.62204249045532,4.49193252729906,-0.583722590337288,0.559406966102915,0.722385345640182
"hsa-miR-3124-5p",0.975456804666914,-3.31933795511461,2.53847080469,-1.30761320909498,0.191004534343094,0.722385345640182
"hsa-miR-3127-3p",0.00548747696941721,-2.75605694587045,4.49212558973436,-0.613530697398295,0.539525491598013,0.722385345640182
"hsa-miR-3127-5p",0.168008867454963,-2.0127584965145,2.72324127273131,-0.739103992242223,0.459843852842177,0.722385345640182
"hsa-miR-3130-3p",0.327953656869804,-4.03421903891669,3.36525667285533,-1.1987849460213,0.230611577597209,0.722385345640182
"hsa-miR-3130-5p",0.327953656869804,-4.03421903891669,3.36525667285533,-1.1987849460213,0.230611577597209,0.722385345640182
"hsa-miR-3135a",0.794072298007787,-2.49959892362874,3.67693796034905,-0.679804486935498,0.496628265235166,0.722385345640182
"hsa-miR-3139",0.00182915898980574,-2.79810719011928,4.49218972277971,-0.622882683678784,0.533361618085026,0.722385345640182
"hsa-miR-3143",0.0937246869309325,-2.12234120193883,3.91272437592702,-0.542420318435029,0.587528985611904,0.722385345640182
"hsa-miR-3144-3p",0.00365831797961148,-2.77678426896926,4.49215698313827,-0.618140523448353,0.536482711902032,0.722385345640182
"hsa-miR-3150a-3p",0.0845701313055994,-2.4131076165396,4.49147247701883,-0.537264255516773,0.59108509224135,0.722385345640182
"hsa-miR-3150a-5p",0.00365831797961148,-2.77678426896926,4.49215698313827,-0.618140523448353,0.536482711902032,0.722385345640182
"hsa-miR-3150b-3p",0.00365831797961148,-2.77678426896926,4.49215698313827,-0.618140523448353,0.536482711902032,0.722385345640182
"hsa-miR-3150b-5p",0.0845701313055994,-2.4131076165396,4.49147247701883,-0.537264255516773,0.59108509224135,0.722385345640182
"hsa-miR-3151-5p",0.0420027847185527,-2.64152087456307,4.4919595504026,-0.58805535644824,0.556495137260867,0.722385345640182
"hsa-miR-3155b",0.0318714563517647,-2.51629960262909,4.49173954669477,-0.560206035205379,0.575338910927965,0.722385345640182
"hsa-miR-3160-3p",0.0840055694371054,-2.45099580961168,4.49156848213934,-0.545688175379721,0.585280301459962,0.722385345640182
"hsa-miR-3160-5p",0.0840055694371054,-2.45099580961168,4.49156848213934,-0.545688175379721,0.585280301459962,0.722385345640182
"hsa-miR-3161",0.0260949613416528,-2.5602181062833,4.4918314008397,-0.569971995343525,0.568696692364032,0.722385345640182
"hsa-miR-3164",0.0320413037840359,-2.64152087458964,4.49195955040263,-0.588055356454149,0.556495137256901,0.722385345640182
"hsa-miR-3176",0.921975804106432,-0.904728660930387,1.3566324633893,-0.666892976060801,0.504840497832577,0.722385345640182
"hsa-miR-3177-3p",0.0389430771949284,-2.81656043764405,4.49064138424462,-0.627206716511794,0.530523741114432,0.722385345640182
"hsa-miR-3177-5p",0.031199961278602,-2.64152087459221,4.49195955040264,-0.588055356454721,0.556495137256517,0.722385345640182
"hsa-miR-3184-3p",1459.22469311825,-0.733794311305106,0.845690347553409,-0.867686752518792,0.385565839995981,0.722385345640182
"hsa-miR-3184-5p",107.567278325305,-1.10197299579179,0.514074218510212,-2.14360681028765,0.0320644046449647,0.722385345640182
"hsa-miR-3187-3p",3.50972087171327,-1.15606051708281,1.2861914656953,-0.898824590208159,0.368746099940672,0.722385345640182
"hsa-miR-3188",0.109686863290452,-2.33309612559169,3.27484890990751,-0.712428630992197,0.476199391335123,0.722385345640182
"hsa-miR-3190-3p",0.950665568035805,-2.07100134167869,3.64396237216001,-0.568337740669664,0.569805656960121,0.722385345640182
"hsa-miR-3190-5p",0.0731528188893564,-2.64152087450655,4.49195955040252,-0.588055356435666,0.556495137269307,0.722385345640182
"hsa-miR-3191-3p",0.0731528188893564,-2.64152087450655,4.49195955040252,-0.588055356435666,0.556495137269307,0.722385345640182
"hsa-miR-3191-5p",0.950665568035805,-2.07100134167869,3.64396237216001,-0.568337740669664,0.569805656960121,0.722385345640182
"hsa-miR-3192-5p",0.352336602221943,-2.22775549976106,4.07791234963614,-0.546298034081051,0.584861087390773,0.722385345640182
"hsa-miR-3193",0.00182915898980574,-2.79810719011928,4.49218972277971,-0.622882683678784,0.533361618085026,0.722385345640182
"hsa-miR-3199",0.177974010921351,-1.62957453134863,2.632406000023,-0.619043768831402,0.535887525424975,0.722385345640182
"hsa-miR-3200-3p",0.271521153610478,-1.95719151378826,2.38051949837636,-0.822169915063986,0.410980198636665,0.722385345640182
"hsa-miR-3200-5p",0.421238342400817,-1.49774983670752,1.70088930969389,-0.880568669678494,0.378551322383842,0.722385345640182
"hsa-miR-3202",0.329385142685307,-1.62276617494419,2.20393813605868,-0.736302960774658,0.461546344772863,0.722385345640182
"hsa-miR-320b",523.549457793401,-2.21965246128389,0.801166875953175,-2.77052450357873,0.0055966089031995,0.722385345640182
"hsa-miR-320c",4.12522984982242,-1.99926734790827,1.35787695823834,-1.47234794417754,0.140926942617635,0.722385345640182
"hsa-miR-323a-3p",0.502640794170607,-1.62477516769955,2.25231691945846,-0.721379462038674,0.47067607922007,0.722385345640182
"hsa-miR-337-3p",0.0198432520832034,-3.01281780062179,4.49092629517696,-0.670867790428317,0.502304756971958,0.722385345640182
"hsa-miR-338-3p",0.615596004937712,-0.781565865586698,1.51820509763503,-0.514795969796292,0.606695601925307,0.722385345640182
"hsa-miR-338-5p",0.0797759089929143,-2.22143740886692,4.05043387345812,-0.548444309490809,0.583386858768014,0.722385345640182
"hsa-miR-33a-3p",0.0491529976800608,-2.38092323747377,4.49139271667695,-0.530108006060834,0.596037048503171,0.722385345640182
"hsa-miR-33a-5p",5.5722515128879,-2.73982630218733,0.945890510605351,-2.89655755234704,0.00377281433064237,0.722385345640182
"hsa-miR-342-3p",159.399204285076,0.462454677200732,0.485790666682219,0.95196286984914,0.341115812865899,0.722385345640182
"hsa-miR-342-5p",1.00241777973064,-1.1280737908811,1.16259130465346,-0.970309846947767,0.331892070481682,0.722385345640182
"hsa-miR-345-3p",0.135525444139376,-2.10962404776904,4.21691713059985,-0.500276382587806,0.616880481448322,0.722385345640182
"hsa-miR-345-5p",15.5405128999072,-0.854077410260877,0.701839376426363,-1.2169129275842,0.223637346456948,0.722385345640182
"hsa-miR-34b-3p",0.00717464742671529,-2.7394624991976,4.49210075912054,-0.609839949301121,0.541967835023341,0.722385345640182
"hsa-miR-34b-5p",0.0158729678739329,-2.65243036965515,4.49197483650233,-0.590482018755131,0.554867537368483,0.722385345640182
"hsa-miR-34c-3p",0.124040270558643,-2.1840127485101,4.32608666621825,-0.504847201875247,0.613666159981232,0.722385345640182
"hsa-miR-3529-3p",0.0358855068373104,-2.48119635706501,4.49164670580099,-0.552402385935772,0.580672696300069,0.722385345640182
"hsa-miR-3615",170.526616801253,-0.498407213853698,0.398677201855372,-1.25015228243351,0.211243924133714,0.722385345640182
"hsa-miR-362-3p",0.0428063386117121,-2.60135901168429,4.49190420661134,-0.57912165799429,0.56250708723776,0.722385345640182
"hsa-miR-362-5p",1.78252821069291,-0.905446730513981,1.29091232237241,-0.701400641098515,0.483053022012187,0.722385345640182
"hsa-miR-3620-3p",0.106667795773133,-2.65685940179143,4.45161928986642,-0.59682987892506,0.550620967181475,0.722385345640182
"hsa-miR-3652",0.0104515756623599,-2.70692233657768,4.49205284028235,-0.60260251444583,0.546773147240159,0.722385345640182
"hsa-miR-3659",0.00182915898980574,-2.79810719011928,4.49218972277971,-0.622882683678784,0.533361618085026,0.722385345640182
"hsa-miR-365a-5p",0.00386037678302838,-2.77491894474155,4.49215414058932,-0.617725674118901,0.53675618503376,0.722385345640182
"hsa-miR-365b-5p",0.970324144350492,-1.56621264475269,2.91500717143028,-0.537292895915659,0.591065311816931,0.722385345640182
"hsa-miR-3679-5p",0.0621113000759964,-2.36219872578925,4.49134706355291,-0.525944375343067,0.598926855624044,0.722385345640182
"hsa-miR-3684",0.031199961278602,-2.64152087459221,4.49195955040264,-0.588055356454721,0.556495137256517,0.722385345640182
"hsa-miR-3688-3p",2.2629019944531,-2.03763149491456,1.10805075715319,-1.83893335369371,0.0659249892722774,0.722385345640182
"hsa-miR-3688-5p",2.2629019944531,-2.03763149491456,1.10805075715319,-1.83893335369371,0.0659249892722774,0.722385345640182
"hsa-miR-369-3p",0.146119963610278,-1.85379465733478,3.6004889417776,-0.514873031777606,0.606641747131789,0.722385345640182
"hsa-miR-369-5p",0.273999844862931,-1.39197523134689,2.51001305227709,-0.554568921497875,0.579189551491834,0.722385345640182
"hsa-miR-370-3p",11.8458447405733,-0.582326211348293,1.07036089583268,-0.544046604855902,0.586409402472615,0.722385345640182
"hsa-miR-370-5p",0.00386037678302838,-2.77491894474155,4.49215414058932,-0.617725674118901,0.53675618503376,0.722385345640182
"hsa-miR-371a-5p",0.00182915898980574,-2.79810719011928,4.49218972277971,-0.622882683678784,0.533361618085026,0.722385345640182
"hsa-miR-371b-3p",0.00182915898980574,-2.79810719011928,4.49218972277971,-0.622882683678784,0.533361618085026,0.722385345640182
"hsa-miR-373-3p",0.0389459618286837,-2.64152087457057,4.49195955040261,-0.588055356449907,0.556495137259748,0.722385345640182
"hsa-miR-374a-3p",0.201379399124954,-1.66605087782182,2.55694215655211,-0.651579416277602,0.514672529939422,0.722385345640182
"hsa-miR-374b-3p",0.0587537173246512,-2.76861446644792,4.4905551307853,-0.61654169380251,0.537537062941802,0.722385345640182
"hsa-miR-374c-5p",0.0587537173246512,-2.76861446644792,4.4905551307853,-0.61654169380251,0.537537062941802,0.722385345640182
"hsa-miR-376a-2-5p",0.0923566609513184,-2.44414999290907,3.41488504411809,-0.71573419348887,0.474155492971069,0.722385345640182
"hsa-miR-376a-3p",0.00386037678302838,-2.77491894474155,4.49215414058932,-0.617725674118901,0.53675618503376,0.722385345640182
"hsa-miR-376a-5p",0.0134102893388909,-2.67345189941496,4.49200460016801,-0.595157872125724,0.5517379473924,0.722385345640182
"hsa-miR-376b-3p",0.367739718332709,-1.18618790719949,1.75180396611957,-0.677123656608118,0.498327500503317,0.722385345640182
"hsa-miR-378a-3p",212.966194460057,-1.58777348499065,0.855303420851013,-1.85638622070615,0.0633985273562183,0.722385345640182
"hsa-miR-378a-5p",0.891515186491933,-1.54625088572427,1.4406292565989,-1.07331631552084,0.283129217259335,0.722385345640182
"hsa-miR-378b",0.56977969639357,-1.04062812436535,2.00377793479499,-0.519333058965846,0.603528503589289,0.722385345640182
"hsa-miR-378f",0.135023415859665,-2.05724588094658,3.09135181701968,-0.665484229138932,0.505740827375033,0.722385345640182
"hsa-miR-379-3p",0.00386037678302838,-2.77491894474155,4.49215414058932,-0.617725674118901,0.53675618503376,0.722385345640182
"hsa-miR-380-5p",0.0475705498198168,-2.4690519713546,4.49161508398512,-0.549702484560179,0.582523452454016,0.722385345640182
"hsa-miR-381-3p",3.621449233401,1.17556175051111,1.29383694611157,0.908585702428798,0.363568856424966,0.722385345640182
"hsa-miR-382-3p",0.0607230073754459,-2.28001512967673,4.49115304948326,-0.507668098716668,0.611686124311038,0.722385345640182
"hsa-miR-382-5p",9.11305789823922,1.44397657764799,1.1912706398674,1.21213142448362,0.225462076391705,0.722385345640182
"hsa-miR-3909",0.00182915898980574,-2.79810719011928,4.49218972277971,-0.622882683678784,0.533361618085026,0.722385345640182
"hsa-miR-3912-3p",0.0197333446569613,-2.61591341631251,4.49192410646069,-0.582359219415588,0.560324744330031,0.722385345640182
"hsa-miR-3912-5p",0.00717464742671529,-2.7394624991976,4.49210075912054,-0.609839949301121,0.541967835023341,0.722385345640182
"hsa-miR-3913-3p",4.38473718797855,1.24987476349448,1.22867637972142,1.01725302457419,0.309033077254341,0.722385345640182
"hsa-miR-3913-5p",4.38473718797855,1.24987476349448,1.22867637972142,1.01725302457419,0.309033077254341,0.722385345640182
"hsa-miR-3922-3p",0.0720295255536266,-2.3300306031829,4.49126990111463,-0.518791044511629,0.603906463676635,0.722385345640182
"hsa-miR-3926",0.0639627031752851,-2.55390468153529,4.49181865286242,-0.568568074293873,0.569649295857956,0.722385345640182
"hsa-miR-3960",0.0972671674466202,-2.45099537014867,4.49156848550905,-0.545688077128559,0.585280369008605,0.722385345640182
"hsa-miR-409-3p",39.4850796888519,-0.68856217159253,0.820990739493119,-0.838696636234472,0.401639566428008,0.722385345640182
"hsa-miR-409-5p",0.396207745880822,-1.60011307850266,2.28445721019501,-0.700434690289546,0.483655878246591,0.722385345640182
"hsa-miR-410-3p",0.00772075356605676,-2.73233687256826,4.49209017889534,-0.608255124842613,0.543018278863514,0.722385345640182
"hsa-miR-410-5p",0.00182915898980574,-2.79810719011928,4.49218972277971,-0.622882683678784,0.533361618085026,0.722385345640182
"hsa-miR-411-3p",0.013208230535474,-2.67510938170843,4.49200696435516,-0.595526543688797,0.551491561581059,0.722385345640182
"hsa-miR-412-3p",0.00869832044721759,-2.72404431122348,4.4920779276161,-0.606410742448785,0.544242036784199,0.722385345640182
"hsa-miR-412-5p",0.00386037678302838,-2.77491894474155,4.49215414058932,-0.617725674118901,0.53675618503376,0.722385345640182
"hsa-miR-423-3p",107.567278325305,-1.10197299579179,0.514074218510212,-2.14360681028765,0.0320644046449647,0.722385345640182
"hsa-miR-423-5p",1459.22469311825,-0.733794311305106,0.845690347553409,-0.867686752518792,0.385565839995981,0.722385345640182
"hsa-miR-4286",0.00182915898980574,-2.79810719011928,4.49218972277971,-0.622882683678784,0.533361618085026,0.722385345640182
"hsa-miR-429",0.166496210721465,-2.31989336932247,2.70832687758744,-0.856578055079164,0.391678118032424,0.722385345640182
"hsa-miR-431-3p",0.249244349388236,-2.24124372024093,2.84242398817406,-0.788497328183851,0.430405860789703,0.722385345640182
"hsa-miR-432-3p",0.00365831797961148,-2.77678426896926,4.49215698313827,-0.618140523448353,0.536482711902032,0.722385345640182
"hsa-miR-4326",2.12494664942237,-0.656184119465791,1.08034065363026,-0.607386306588409,0.54359457380226,0.722385345640182
"hsa-miR-433-3p",0.00751869476263986,-2.73411150055377,4.49209280930019,-0.608649824619209,0.542756571524457,0.722385345640182
"hsa-miR-4422",0.00182915898980574,-2.79810719011928,4.49218972277971,-0.622882683678784,0.533361618085026,0.722385345640182
"hsa-miR-4433a-3p",0.0229710771011302,-2.6030667748658,4.49190653046561,-0.579501545103607,0.562250804365208,0.722385345640182
"hsa-miR-4433a-5p",0.124598584723839,-2.06995812581595,3.13322650874139,-0.660647457194995,0.508838426976522,0.722385345640182
"hsa-miR-4433b-3p",0.124598584723839,-2.06995812581595,3.13322650874139,-0.660647457194995,0.508838426976522,0.722385345640182
"hsa-miR-4433b-5p",0.0229710771011302,-2.6030667748658,4.49190653046561,-0.579501545103607,0.562250804365208,0.722385345640182
"hsa-miR-4436b-3p",0.00182915898980574,-2.79810719011928,4.49218972277971,-0.622882683678784,0.533361618085026,0.722385345640182
"hsa-miR-4446-3p",0.154146480992134,-1.76692172555291,3.0331379579381,-0.582539188805658,0.560203552835983,0.722385345640182
"hsa-miR-4446-5p",0.0197994294148055,-2.61492889248493,4.49192275513327,-0.582140218127448,0.560472237060594,0.722385345640182
"hsa-miR-4449",0.0170686073185024,-2.63762084146144,4.49195411215918,-0.587187841995474,0.557077556905515,0.722385345640182
"hsa-miR-4467",0.00386037678302838,-2.77491894474155,4.49215414058932,-0.617725674118901,0.53675618503376,0.722385345640182
"hsa-miR-4470",0.0553413743837261,-2.40150503105273,4.45305006761632,-0.539294414971228,0.589683721942287,0.722385345640182
"hsa-miR-4479",0.0446434881741394,-2.78014852475961,4.49057846516857,-0.619106991743713,0.535845877637055,0.722385345640182
"hsa-miR-448",0.0795211550452289,-2.25198967724541,4.4910891986043,-0.501435081259411,0.616064955538794,0.722385345640182
"hsa-miR-4488",0.031199961278602,-2.64152087459221,4.49195955040264,-0.588055356454721,0.556495137256517,0.722385345640182
"hsa-miR-4489",0.0483211937666269,-2.42978230661636,4.49151445076105,-0.540971721955533,0.58852707388052,0.722385345640182
"hsa-miR-4516",0.00182915898980574,-2.79810719011928,4.49218972277971,-0.622882683678784,0.533361618085026,0.722385345640182
"hsa-miR-451b",0.00869832044721759,-2.72404431122348,4.4920779276161,-0.606410742448785,0.544242036784199,0.722385345640182
"hsa-miR-4521",0.0095499125558625,-2.7127767306172,4.49206138675401,-0.603904643559974,0.545907041376077,0.722385345640182
"hsa-miR-4526",1.36912212260977,-4.6738799687761,2.18352479056488,-2.14052067966994,0.0323127113970844,0.722385345640182
"hsa-miR-4529-3p",0.0286239048907765,-2.53798713000099,4.49178674023935,-0.565028412249542,0.572054439007956,0.722385345640182
"hsa-miR-4533",0.0413777665653267,-2.42510732693635,4.49150263769873,-0.539932294947706,0.589243725126553,0.722385345640182
"hsa-miR-455-5p",1.60373966462799,-1.85435178736812,1.65209994587492,-1.12242106901474,0.261683450400666,0.722385345640182
"hsa-miR-4632-3p",0.0173966408944352,-2.6385876864915,4.49195545904543,-0.587402905159753,0.556933143148731,0.722385345640182
"hsa-miR-4639-5p",0.00182915898980574,-2.79810719011928,4.49218972277971,-0.622882683678784,0.533361618085026,0.722385345640182
"hsa-miR-4644",0.00869832044721759,-2.72404431122348,4.4920779276161,-0.606410742448785,0.544242036784199,0.722385345640182
"hsa-miR-4645-3p",0.00717464742671529,-2.7394624991976,4.49210075912054,-0.609839949301121,0.541967835023341,0.722385345640182
"hsa-miR-4648",0.0209031513247198,-2.60802181951154,4.49191328780401,-0.580603776700805,0.561507526317689,0.722385345640182
"hsa-miR-4649-5p",0.020318024932681,-2.6220424904789,4.49193252729909,-0.583722590342532,0.559406966099386,0.722385345640182
"hsa-miR-4654",0.110779750814531,-2.21218110649147,4.40355888885565,-0.502362103545377,0.615412831277697,0.722385345640182
"hsa-miR-4659a-3p",0.198351426094127,-1.55404950530052,2.58873714354454,-0.60031181967463,0.548298442967756,0.722385345640182
"hsa-miR-4659a-5p",0.00182915898980574,-2.79810719011928,4.49218972277971,-0.622882683678784,0.533361618085026,0.722385345640182
"hsa-miR-4659b-3p",0.00182915898980574,-2.79810719011928,4.49218972277971,-0.622882683678784,0.533361618085026,0.722385345640182
"hsa-miR-4659b-5p",0.198351426094127,-1.55404950530052,2.58873714354454,-0.60031181967463,0.548298442967756,0.722385345640182
"hsa-miR-466",2.88046124978472,-2.31071788453451,1.59623024292393,-1.44760938766691,0.147726324214154,0.722385345640182
"hsa-miR-4662a-5p",0.0946088464259579,-2.33121780125228,4.49127272066022,-0.519055053265524,0.6037223505585,0.722385345640182
"hsa-miR-4662b",0.0946088464259579,-2.33121780125228,4.49127272066022,-0.519055053265524,0.6037223505585,0.722385345640182
"hsa-miR-4665-5p",0.670055949004437,-4.51235650494048,3.09870032457449,-1.45620938854747,0.14533474493982,0.722385345640182
"hsa-miR-4667-5p",0.0198432520832034,-3.01281780062179,4.49092629517696,-0.670867790428317,0.502304756971958,0.722385345640182
"hsa-miR-4668-3p",0.0552643827280676,-2.64152087453542,4.49195955040256,-0.588055356442089,0.556495137264996,0.722385345640182
"hsa-miR-4668-5p",0.00751869476263986,-2.73411150055377,4.49209280930019,-0.608649824619209,0.542756571524457,0.722385345640182
"hsa-miR-4670-3p",0.00182915898980574,-2.79810719011928,4.49218972277971,-0.622882683678784,0.533361618085026,0.722385345640182
"hsa-miR-4670-5p",0.0108329654063268,-2.70044990753825,4.49204342944877,-0.601162911701776,0.547731484416319,0.722385345640182
"hsa-miR-4676-3p",0.00365831797961148,-2.77678426896926,4.49215698313827,-0.618140523448353,0.536482711902032,0.722385345640182
"hsa-miR-4677-3p",0.0486447987622043,-2.5637097706148,4.49183848561103,-0.570748431589266,0.568170183704694,0.722385345640182
"hsa-miR-4677-5p",0.00182915898980574,-2.79810719011928,4.49218972277971,-0.622882683678784,0.533361618085026,0.722385345640182
"hsa-miR-4680-5p",0.310251530006065,-4.25613429459445,4.48643624155205,-0.948667063442334,0.342789970627808,0.722385345640182
"hsa-miR-4687-3p",0.0122807346521656,-2.687956643192,4.49202537629245,-0.598384118081394,0.549583660465742,0.722385345640182
"hsa-miR-4687-5p",0.00365831797961148,-2.77678426896926,4.49215698313827,-0.618140523448353,0.536482711902032,0.722385345640182
"hsa-miR-4688",0.00751869476263986,-2.73411150055377,4.49209280930019,-0.608649824619209,0.542756571524457,0.722385345640182
"hsa-miR-4690-3p",0.0323633879468283,-2.88121997180546,4.4907312507302,-0.641592607292402,0.521137734251174,0.722385345640182
"hsa-miR-4691-3p",0.154252329256792,-2.64152087442754,4.4919595504024,-0.588055356418093,0.556495137281102,0.722385345640182
"hsa-miR-4700-5p",0.132964941431171,-2.64152087444347,4.49195955040242,-0.588055356421637,0.556495137278723,0.722385345640182
"hsa-miR-4706",0.00568953577283412,-2.75423660453176,4.4921228528149,-0.613125841561941,0.53979313457157,0.722385345640182
"hsa-miR-4714-3p",0.113276216641832,-2.60998437189014,3.26802259545127,-0.798643306665918,0.424497268845885,0.722385345640182
"hsa-miR-4716-5p",0.00869832044721759,-2.72404431122348,4.4920779276161,-0.606410742448785,0.544242036784199,0.722385345640182
"hsa-miR-4717-3p",0.00731663595922295,-2.73588931760247,4.49209544748006,-0.609045232807159,0.54249445750308,0.722385345640182
"hsa-miR-4723-3p",0.0122807346521656,-2.687956643192,4.49202537629245,-0.598384118081394,0.549583660465742,0.722385345640182
"hsa-miR-4725-3p",0.0235015700628149,-2.97076722092359,4.49086214731607,-0.661513785877184,0.508282876643845,0.722385345640182
"hsa-miR-4726-5p",0.383159727892647,-1.89731634201515,3.01394856703983,-0.629511851251864,0.529014012440033,0.722385345640182
"hsa-miR-4728-3p",0.0903745911057942,-2.3469763597288,3.91786743232297,-0.599044352640905,0.549143308454342,0.722385345640182
"hsa-miR-4729",0.0105274794370233,-2.70466760344416,4.49204955742127,-0.602101016222273,0.547106898131773,0.722385345640182
"hsa-miR-4733-5p",0.0640826075680719,-2.45099581001934,4.49156848214038,-0.545688175470355,0.585280301397651,0.722385345640182
"hsa-miR-4741",0.0994055188618775,-2.07482032515063,2.86479235826191,-0.724248066065575,0.468913454309334,0.722385345640182
"hsa-miR-4743-5p",0.0547451972465321,-2.40417633835575,4.4914501783781,-0.535278416296253,0.592457349013285,0.722385345640182
"hsa-miR-4745-3p",0.0562406858694983,-2.3229742047143,4.49125318674598,-0.517221832777002,0.605001312891501,0.722385345640182
"hsa-miR-4745-5p",0.00568953577283412,-2.75423660453176,4.4921228528149,-0.613125841561941,0.53979313457157,0.722385345640182
"hsa-miR-4747-3p",0.0507011051657703,-2.55390468154611,4.49181865286245,-0.568568074296279,0.569649295856322,0.722385345640182
"hsa-miR-4747-5p",1.38432347089143,-2.6145188842672,1.44331916777545,-1.81146273301205,0.0700692527928144,0.722385345640182
"hsa-miR-4748",0.133647642379329,-2.32180310767041,4.183611809457,-0.554975751436117,0.578911246466426,0.722385345640182
"hsa-miR-4749-3p",0.0104515756623599,-2.70692233657768,4.49205284028235,-0.60260251444583,0.546773147240159,0.722385345640182
"hsa-miR-4749-5p",0.0383746087053173,-2.56861501618774,4.49184843578068,-0.57183920003332,0.567430917541102,0.722385345640182
"hsa-miR-4750-3p",0.0708433052522499,-2.5375297490017,4.49178582805143,-0.564926700902499,0.572123621491172,0.722385345640182
"hsa-miR-4750-5p",0.314199738135687,-1.60162907917766,2.31820275109598,-0.690892579788568,0.489633049553767,0.722385345640182
"hsa-miR-4755-3p",0.218501378508947,-2.39864804947474,2.84796572993277,-0.842232062087124,0.399658070471674,0.722385345640182
"hsa-miR-4755-5p",0.109085529875673,-2.70387595723799,3.74573334700177,-0.721854896425629,0.470383694096046,0.722385345640182
"hsa-miR-4762-3p",0.00182915898980574,-2.79810719011928,4.49218972277971,-0.622882683678784,0.533361618085026,0.722385345640182
"hsa-miR-4762-5p",0.00717464742671529,-2.7394624991976,4.49210075912054,-0.609839949301121,0.541967835023341,0.722385345640182
"hsa-miR-4763-5p",0.020318024932681,-2.6220424904789,4.49193252729909,-0.583722590342532,0.559406966099386,0.722385345640182
"hsa-miR-4767",0.305532012509913,-2.44089994395413,2.37983021346044,-1.02566138128186,0.305051223716595,0.722385345640182
"hsa-miR-4772-3p",0.460000687571043,-1.00527471081151,1.88807602820302,-0.532433384988359,0.594425867882509,0.722385345640182
"hsa-miR-4772-5p",0.169156419705319,-2.38542381239786,3.95990565279827,-0.602394102675703,0.546911834619004,0.722385345640182
"hsa-miR-4775",0.0437872691885722,-2.41098816890232,4.49146717388465,-0.53679300673082,0.591410602809312,0.722385345640182
"hsa-miR-4776-3p",0.00386037678302838,-2.77491894474155,4.49215414058932,-0.617725674118901,0.53675618503376,0.722385345640182
"hsa-miR-4777-3p",0.0679429843511003,-2.41108927701257,4.49146741371606,-0.536815489220644,0.591395071374491,0.722385345640182
"hsa-miR-4781-3p",0.176003980084947,-2.27735609002042,2.64957091568348,-0.8595188287055,0.390054336557446,0.722385345640182
"hsa-miR-4781-5p",0.00182915898980574,-2.79810719011928,4.49218972277971,-0.622882683678784,0.533361618085026,0.722385345640182
"hsa-miR-4787-3p",0.0715313644396523,-2.34811413829614,4.49131306963952,-0.52281239403438,0.601104813788561,0.722385345640182
"hsa-miR-4797-5p",0.0323633879468283,-2.88121997180546,4.4907312507302,-0.641592607292402,0.521137734251174,0.722385345640182
"hsa-miR-4798-5p",0.00717464742671529,-2.7394624991976,4.49210075912054,-0.609839949301121,0.541967835023341,0.722385345640182
"hsa-miR-4804-5p",0.0504160424068471,-3.04850959505044,4.48986212750928,-0.678976215410335,0.497152932372244,0.722385345640182
"hsa-miR-483-3p",0.0320413037840359,-2.64152087458964,4.49195955040263,-0.588055356454149,0.556495137256901,0.722385345640182
"hsa-miR-487a-3p",0.00182915898980574,-2.79810719011928,4.49218972277971,-0.622882683678784,0.533361618085026,0.722385345640182
"hsa-miR-487b-5p",0.0143878562200517,-2.66569379664435,4.49199357955355,-0.593432236585985,0.552891920279101,0.722385345640182
"hsa-miR-490-3p",0.525212803006241,-1.63911251489127,2.32778297807804,-0.704151774597401,0.481338260009993,0.722385345640182
"hsa-miR-490-5p",0.313909847985676,-4.21285257673913,4.48636923041219,-0.939033851289158,0.347713364526527,0.722385345640182
"hsa-miR-491-5p",8.57429270200513,0.847178971934648,1.21113540195434,0.699491543693302,0.484244895911017,0.722385345640182
"hsa-miR-493-5p",0.231894377048888,-1.86997502669489,3.14786236360234,-0.59404599397889,0.55248135074917,0.722385345640182
"hsa-miR-495-3p",0.0369872974029486,-2.45788087215056,4.49158619971059,-0.547218902825227,0.584228351106506,0.722385345640182
"hsa-miR-495-5p",0.00182915898980574,-2.79810719011928,4.49218972277971,-0.622882683678784,0.533361618085026,0.722385345640182
"hsa-miR-496",0.0113790715456682,-2.69370984482992,4.49203367158445,-0.599663769635052,0.548730338559921,0.722385345640182
"hsa-miR-497-3p",0.0180140930933977,-3.03477610489399,4.49096049585761,-0.6757521264534,0.49919803448124,0.722385345640182
"hsa-miR-4999-3p",0.100598220892936,-2.10128041521875,3.32388331338437,-0.632176348296424,0.527271650475302,0.722385345640182
"hsa-miR-499a-5p",0.113602240071049,-1.96723628322766,3.30676396725914,-0.594912821932745,0.551901746082182,0.722385345640182
"hsa-miR-499b-3p",0.113602240071049,-1.96723628322766,3.30676396725914,-0.594912821932745,0.551901746082182,0.722385345640182
"hsa-miR-5000-3p",0.834385973129152,-2.62168444671177,3.26728720463024,-0.802404038125712,0.422319277967722,0.722385345640182
"hsa-miR-5000-5p",0.00717464742671529,-2.7394624991976,4.49210075912054,-0.609839949301121,0.541967835023341,0.722385345640182
"hsa-miR-5003-5p",0.00365831797961148,-2.77678426896926,4.49215698313827,-0.618140523448353,0.536482711902032,0.722385345640182
"hsa-miR-5004-5p",0.00386037678302838,-2.77491894474155,4.49215414058932,-0.617725674118901,0.53675618503376,0.722385345640182
"hsa-miR-500b-3p",0.0308782762929471,-2.89471065552799,4.49075049233224,-0.644593962739765,0.519190348285093,0.722385345640182
"hsa-miR-501-3p",5.97966755435637,-1.20142357299679,0.90612866060954,-1.32588629542808,0.184877363072768,0.722385345640182
"hsa-miR-5010-3p",0.512805180225851,-1.73588383540568,1.53339516176405,-1.13205250589723,0.257612360592816,0.722385345640182
"hsa-miR-5010-5p",2.25374133802258,-1.58992912762169,1.17783341421394,-1.34987605924117,0.177055742263468,0.722385345640182
"hsa-miR-502-3p",0.849467482725146,-0.934655456864924,1.22411806567028,-0.763533749788379,0.445145142546683,0.722385345640182
"hsa-miR-502-5p",0.234980790888619,-1.84527611697413,2.63863770244423,-0.699329095186054,0.484346388148992,0.722385345640182
"hsa-miR-5088-5p",0.0259719510407232,-2.64152087460966,4.49195955040266,-0.588055356458603,0.556495137253912,0.722385345640182
"hsa-miR-5090",0.275479795418204,-2.35158063379755,4.18579058626373,-0.561800831965794,0.574251725203012,0.722385345640182
"hsa-miR-511-5p",0.0668795590090066,-2.4010925858748,4.49144250873044,-0.534592746363238,0.592931500546064,0.722385345640182
"hsa-miR-516b-5p",0.00182915898980574,-2.79810719011928,4.49218972277971,-0.622882683678784,0.533361618085026,0.722385345640182
"hsa-miR-5187-3p",0.00568953577283412,-2.75423660453176,4.4921228528149,-0.613125841561941,0.53979313457157,0.722385345640182
"hsa-miR-5187-5p",3.7687272677914,-4.43001655227119,1.90962929771516,-2.31983063810952,0.0203500409721098,0.722385345640182
"hsa-miR-5188",0.0180140930933977,-3.03477610489399,4.49096049585761,-0.6757521264534,0.49919803448124,0.722385345640182
"hsa-miR-5189-3p",0.29247672690168,-2.0724151529874,2.19419743728943,-0.944498028193639,0.344915208992792,0.722385345640182
"hsa-miR-5189-5p",1.13134489042852,-3.04955235705362,1.41095232430352,-2.16134330304814,0.0306688302429559,0.722385345640182
"hsa-miR-518b",0.00717464742671529,-2.7394624991976,4.49210075912054,-0.609839949301121,0.541967835023341,0.722385345640182
"hsa-miR-518c-3p",0.00869832044721759,-2.72404431122348,4.4920779276161,-0.606410742448785,0.544242036784199,0.722385345640182
"hsa-miR-518d-3p",0.00717464742671529,-2.7394624991976,4.49210075912054,-0.609839949301121,0.541967835023341,0.722385345640182
"hsa-miR-518f-3p",0.0827427078661203,-2.27497901903293,4.4911414905262,-0.506548062186833,0.612471958555734,0.722385345640182
"hsa-miR-5190",0.00182915898980574,-2.79810719011928,4.49218972277971,-0.622882683678784,0.533361618085026,0.722385345640182
"hsa-miR-5192",0.0141098936419714,-2.66945325091842,4.49199890712007,-0.594268455116315,0.552332573581823,0.722385345640182
"hsa-miR-5193",0.00386037678302838,-2.77491894474155,4.49215414058932,-0.617725674118901,0.53675618503376,0.722385345640182
"hsa-miR-519a-5p",0.00869832044721759,-2.72404431122348,4.4920779276161,-0.606410742448785,0.544242036784199,0.722385345640182
"hsa-miR-519e-5p",0.0104515756623599,-2.70692233657768,4.49205284028235,-0.60260251444583,0.546773147240159,0.722385345640182
"hsa-miR-520f-3p",0.00182915898980574,-2.79810719011928,4.49218972277971,-0.622882683678784,0.533361618085026,0.722385345640182
"hsa-miR-523-3p",0.0831438633600484,-2.24868298364487,4.49108172369532,-0.500699635854015,0.616582528597273,0.722385345640182
"hsa-miR-526b-3p",0.00182915898980574,-2.79810719011928,4.49218972277971,-0.622882683678784,0.533361618085026,0.722385345640182
"hsa-miR-539-3p",0.248234504868706,-2.24829978883059,2.6942356346133,-0.834485209811015,0.404007618360087,0.722385345640182
"hsa-miR-544a",0.0148353307218628,-2.65857653317988,4.49198349643214,-0.591849131968432,0.553951619332735,0.722385345640182
"hsa-miR-548ag",0.00568953577283412,-2.75423660453176,4.4921228528149,-0.613125841561941,0.53979313457157,0.722385345640182
"hsa-miR-548ar-3p",0.0193127591215187,-2.64152087463686,4.4919595504027,-0.588055356464652,0.556495137249851,0.722385345640182
"hsa-miR-548as-5p",0.00182915898980574,-2.79810719011928,4.49218972277971,-0.622882683678784,0.533361618085026,0.722385345640182
"hsa-miR-548at-5p",0.101845649197796,-2.21311805288532,3.80856273514338,-0.58109008746629,0.561179739019705,0.722385345640182
"hsa-miR-548ay-3p",0.00365831797961148,-2.77678426896926,4.49215698313827,-0.618140523448353,0.536482711902032,0.722385345640182
"hsa-miR-548az-5p",0.00386037678302838,-2.77491894474155,4.49215414058932,-0.617725674118901,0.53675618503376,0.722385345640182
"hsa-miR-548e-3p",0.140832317474927,-2.27599147712078,2.66178356410189,-0.855062563243651,0.392516513351279,0.722385345640182
"hsa-miR-548e-5p",0.29738187768565,-1.65504273635122,1.80612527513925,-0.916349911676873,0.359483397387676,0.722385345640182
"hsa-miR-548k",0.180439203235288,-1.76666825280548,2.5453716037819,-0.694070857937037,0.487637773227383,0.722385345640182
"hsa-miR-548o-3p",0.00717464742671529,-2.7394624991976,4.49210075912054,-0.609839949301121,0.541967835023341,0.722385345640182
"hsa-miR-548t-5p",0.00869832044721759,-2.72404431122348,4.4920779276161,-0.606410742448785,0.544242036784199,0.722385345640182
"hsa-miR-551b-3p",0.204691039252901,-1.52649198757449,2.21365679932582,-0.689579336796648,0.490458765393015,0.722385345640182
"hsa-miR-556-3p",0.00182915898980574,-2.79810719011928,4.49218972277971,-0.622882683678784,0.533361618085026,0.722385345640182
"hsa-miR-556-5p",0.930754590018195,-5.42328082979549,4.15510151873794,-1.30521018688437,0.191821286371209,0.722385345640182
"hsa-miR-557",0.0180140930933977,-3.03477610489399,4.49096049585761,-0.6757521264534,0.49919803448124,0.722385345640182
"hsa-miR-5571-5p",0.0180140930933977,-3.03477610489399,4.49096049585761,-0.6757521264534,0.49919803448124,0.722385345640182
"hsa-miR-558",0.309043302891535,-1.42168384654626,1.93821683974622,-0.733500925898673,0.463252963325877,0.722385345640182
"hsa-miR-5583-3p",0.231648625928125,-1.46947603730876,2.16947228672833,-0.67734261751036,0.498188597000097,0.722385345640182
"hsa-miR-5583-5p",0.231648625928125,-1.46947603730876,2.16947228672833,-0.67734261751036,0.498188597000097,0.722385345640182
"hsa-miR-5584-5p",0.0310202648254547,-2.89147861925221,4.49074586873281,-0.643874916054451,0.519656548839036,0.722385345640182
"hsa-miR-5587-3p",0.00772075356605676,-2.73233687256826,4.49209017889534,-0.608255124842613,0.543018278863514,0.722385345640182
"hsa-miR-5587-5p",0.00869832044721759,-2.72404431122348,4.4920779276161,-0.606410742448785,0.544242036784199,0.722385345640182
"hsa-miR-5588-3p",0.00869832044721759,-2.72404431122348,4.4920779276161,-0.606410742448785,0.544242036784199,0.722385345640182
"hsa-miR-5589-5p",0.0212570176774636,-2.60268288978602,4.49190600786416,-0.579416151012376,0.562308408783887,0.722385345640182
"hsa-miR-561-5p",0.072297612464116,-2.73408168579096,4.4904842162512,-0.608861217214891,0.542616432627525,0.722385345640182
"hsa-miR-564",0.06039172958989,-2.64152087452635,4.49195955040254,-0.588055356440071,0.55649513726635,0.722385345640182
"hsa-miR-568",0.0159390526317771,-2.65138782280049,4.49197337100111,-0.59025012034067,0.555022974601654,0.722385345640182
"hsa-miR-5683",0.0159390526317771,-2.65138782280049,4.49197337100111,-0.59025012034067,0.555022974601654,0.722385345640182
"hsa-miR-569",0.200375919055272,-1.57178789023716,2.98982323970413,-0.52571264727767,0.599087875109664,0.722385345640182
"hsa-miR-5695",0.137975996498068,-1.88443963812712,3.67323224637953,-0.513019463984204,0.607937705517965,0.722385345640182
"hsa-miR-5697",0.062399922557204,-2.45099581005902,4.49156848214049,-0.545688175479177,0.585280301391586,0.722385345640182
"hsa-miR-570-3p",0.0802237190032659,-2.29859365411081,4.49119601665371,-0.51179989597146,0.608791063171551,0.722385345640182
"hsa-miR-5703",0.00182915898980574,-2.79810719011928,4.49218972277971,-0.622882683678784,0.533361618085026,0.722385345640182
"hsa-miR-582-5p",0.0360281861867954,-3.20287604136903,4.49009259110877,-0.713320711406114,0.475647324144354,0.722385345640182
"hsa-miR-584-3p",0.00386037678302838,-2.77491894474155,4.49215414058932,-0.617725674118901,0.53675618503376,0.722385345640182
"hsa-miR-590-5p",0.171840148090732,-1.93942115071057,1.94478806896558,-0.997240358298853,0.318647855621904,0.722385345640182
"hsa-miR-597-5p",0.159941865029626,-2.58276041782284,4.49187735284785,-0.574984625567608,0.565301694921438,0.722385345640182
"hsa-miR-607",0.046120609255399,-2.56861501617423,4.49184843578065,-0.571839200030315,0.567430917543138,0.722385345640182
"hsa-miR-610",0.121881109056203,-2.20311254836045,2.8851626070704,-0.763600825465259,0.445105157216814,0.722385345640182
"hsa-miR-613",0.0344279185746524,-2.49299988919341,4.49167770138689,-0.555026441105436,0.578876574978773,0.722385345640182
"hsa-miR-6130",0.0344279185746524,-2.49299988919341,4.49167770138689,-0.555026441105436,0.578876574978773,0.722385345640182
"hsa-miR-615-3p",0.0784058226832877,-2.85623100056573,4.49069606475575,-0.636033024586596,0.524754897300885,0.722385345640182
"hsa-miR-616-3p",0.00182915898980574,-2.79810719011928,4.49218972277971,-0.622882683678784,0.533361618085026,0.722385345640182
"hsa-miR-616-5p",0.164703904919152,-2.53752974894927,4.49178582805133,-0.564926700890842,0.572123621499101,0.722385345640182
"hsa-miR-625-3p",9.86108865782762,0.6277345693042,1.24259944523869,0.505178536582736,0.613433444008172,0.722385345640182
"hsa-miR-625-5p",1.19654122537614,-1.11711854035969,1.44103892628465,-0.775217462889707,0.438211170999183,0.722385345640182
"hsa-miR-627-3p",6.21655968282287,-2.5266089692747,1.138578213494,-2.21909126604592,0.0264805161183263,0.722385345640182
"hsa-miR-629-3p",3.82869847549258,-1.58313391521884,1.05771790122638,-1.49674493868664,0.134459638268452,0.722385345640182
"hsa-miR-629-5p",0.00869832044721759,-2.72404431122348,4.4920779276161,-0.606410742448785,0.544242036784199,0.722385345640182
"hsa-miR-642a-3p",0.289504020556671,-1.36319541760053,2.59129787362772,-0.526066660060238,0.598841892288435,0.722385345640182
"hsa-miR-642a-5p",0.222976101835303,-1.88307576069243,2.53296668202409,-0.743426975986777,0.457223217244126,0.722385345640182
"hsa-miR-642b-3p",0.222976101835303,-1.88307576069243,2.53296668202409,-0.743426975986777,0.457223217244126,0.722385345640182
"hsa-miR-642b-5p",0.289504020556671,-1.36319541760053,2.59129787362772,-0.526066660060238,0.598841892288435,0.722385345640182
"hsa-miR-643",0.167320461114495,-2.0199078345385,2.3743634391352,-0.850715522841019,0.39492739815645,0.722385345640182
"hsa-miR-650",3.76135211881558,-3.85670350087355,1.38994432342353,-2.77471797674184,0.00552495956888678,0.722385345640182
"hsa-miR-6501-3p",0.00182915898980574,-2.79810719011928,4.49218972277971,-0.622882683678784,0.533361618085026,0.722385345640182
"hsa-miR-6501-5p",3.61144466961581,-4.14334059672185,1.55213947284499,-2.6694383263943,0.00759782250401844,0.722385345640182
"hsa-miR-6502-5p",0.00386037678302838,-2.77491894474155,4.49215414058932,-0.617725674118901,0.53675618503376,0.722385345640182
"hsa-miR-6505-3p",0.049607586867082,-2.73439124164873,4.49048504795729,-0.608930040395658,0.542570811436602,0.722385345640182
"hsa-miR-6505-5p",0.0650864364072379,-2.60198308082068,4.34913574967158,-0.598275894473325,0.549655858208425,0.722385345640182
"hsa-miR-6509-3p",0.0295238901526189,-2.53548814658839,4.49178177183661,-0.564472691546561,0.572432480093236,0.722385345640182
"hsa-miR-651-3p",0.0360281861867954,-3.20287604136903,4.49009259110877,-0.713320711406114,0.475647324144354,0.722385345640182
"hsa-miR-651-5p",0.331285844154901,-1.02727302902552,1.82617750917245,-0.562526383040957,0.573757433348497,0.722385345640182
"hsa-miR-6515-3p",0.137359942021593,-2.35429602669603,3.05857668286506,-0.769735818586927,0.441456618266439,0.722385345640182
"hsa-miR-6515-5p",0.352012142806152,-1.46500263008718,2.76292652347005,-0.530235826990879,0.595948433797972,0.722385345640182
"hsa-miR-6516-3p",0.0636278131373903,-2.28175997884904,4.49115706303554,-0.508056152751605,0.611413964000802,0.722385345640182
"hsa-miR-6516-5p",0.102987115443252,-2.44650712220508,4.48978016605946,-0.544905770821359,0.585818327079953,0.722385345640182
"hsa-miR-654-3p",0.684687610955269,-1.32981627072667,1.6412800178492,-0.81023119532602,0.417807311493743,0.722385345640182
"hsa-miR-655-3p",0.00182915898980574,-2.79810719011928,4.49218972277971,-0.622882683678784,0.533361618085026,0.722385345640182
"hsa-miR-656-5p",0.00182915898980574,-2.79810719011928,4.49218972277971,-0.622882683678784,0.533361618085026,0.722385345640182
"hsa-miR-660-3p",0.0570935417178733,-2.62204249042525,4.49193252729901,-0.583722590330598,0.559406966107416,0.722385345640182
"hsa-miR-664b-3p",0.0310523459317202,-2.51187806871027,4.49172773990179,-0.559223135097051,0.576009445931902,0.722385345640182
"hsa-miR-664b-5p",0.29223061986422,-2.08560453478412,2.3520098189262,-0.886732920076111,0.375222710132003,0.722385345640182
"hsa-miR-665",0.0202794507963027,-2.60991598422522,4.49191587672467,-0.581025125102802,0.561223520143253,0.722385345640182
"hsa-miR-668-3p",0.00934785375244559,-2.71451123377301,4.49206392511468,-0.604290428414532,0.545650568844531,0.722385345640182
"hsa-miR-671-5p",105.033626784085,-1.89026052606865,1.04256468790966,-1.81308704197397,0.0698183974336616,0.722385345640182
"hsa-miR-6715a-3p",0.0296014717719374,-2.53094391827554,4.49177272305712,-0.563462150541083,0.573120226453638,0.722385345640182
"hsa-miR-6715b-5p",0.0296014717719374,-2.53094391827554,4.49177272305712,-0.563462150541083,0.573120226453638,0.722385345640182
"hsa-miR-6716-3p",0.00717464742671529,-2.7394624991976,4.49210075912054,-0.609839949301121,0.541967835023341,0.722385345640182
"hsa-miR-6718-5p",0.061003885002629,-2.45099581009271,4.49156848214058,-0.545688175486668,0.585280301386436,0.722385345640182
"hsa-miR-6729-3p",0.0769661136251033,-2.29243077680728,4.08583097553392,-0.561068431497638,0.574750887686621,0.722385345640182
"hsa-miR-6729-5p",0.546744625559858,-1.42620570179913,2.04751486149092,-0.696554505475301,0.486081635534956,0.722385345640182
"hsa-miR-6732-3p",0.00772075356605676,-2.73233687256826,4.49209017889534,-0.608255124842613,0.543018278863514,0.722385345640182
"hsa-miR-6735-3p",0.159739806226209,-2.58452915151523,4.49188097317515,-0.575377924515289,0.565035730672494,0.722385345640182
"hsa-miR-6735-5p",0.27314983025545,-1.19183147715602,2.32830242277257,-0.511888604117319,0.608728974217464,0.722385345640182
"hsa-miR-6739-3p",0.00182915898980574,-2.79810719011928,4.49218972277971,-0.622882683678784,0.533361618085026,0.722385345640182
"hsa-miR-6739-5p",0.0198432520832034,-3.01281780062179,4.49092629517696,-0.670867790428317,0.502304756971958,0.722385345640182
"hsa-miR-6740-5p",0.0350228639835104,-2.48278831070776,4.49165088401921,-0.552756297142604,0.580430297880827,0.722385345640182
"hsa-miR-6743-3p",0.0732784758214652,-2.85623100122356,4.49069606475667,-0.636033024732953,0.524754897205493,0.722385345640182
"hsa-miR-6748-3p",0.641644978123454,-4.79038637669404,3.31474121060816,-1.44517658312612,0.148408292111508,0.722385345640182
"hsa-miR-6748-5p",0.00548747696941721,-2.75605694587045,4.49212558973436,-0.613530697398295,0.539525491598013,0.722385345640182
"hsa-miR-6754-3p",0.0123566384268291,-2.68577490613112,4.49202223866985,-0.597898844536089,0.549907430912848,0.722385345640182
"hsa-miR-6754-5p",0.00365831797961148,-2.77678426896926,4.49215698313827,-0.618140523448353,0.536482711902032,0.722385345640182
"hsa-miR-6755-3p",0.0386255182430375,-2.46545082772915,4.49160573718295,-0.548901878746694,0.583072788793015,0.722385345640182
"hsa-miR-6755-5p",0.150166014561741,-2.41108927557631,4.49146741371247,-0.536815488901299,0.591395071595101,0.722385345640182
"hsa-miR-6758-3p",0.090122661986281,-2.41282814191305,4.4914717643302,-0.537202117371625,0.591128008852312,0.722385345640182
"hsa-miR-6758-5p",0.00182915898980574,-2.79810719011928,4.49218972277971,-0.622882683678784,0.533361618085026,0.722385345640182
"hsa-miR-676-3p",0.207483797769557,-2.34860445357905,3.27966353623997,-0.716111402168911,0.473922563786028,0.722385345640182
"hsa-miR-6761-5p",0.031199961278602,-2.64152087459221,4.49195955040264,-0.588055356454721,0.556495137256517,0.722385345640182
"hsa-miR-6762-3p",0.00869832044721759,-2.72404431122348,4.4920779276161,-0.606410742448785,0.544242036784199,0.722385345640182
"hsa-miR-6763-3p",0.0259719510407232,-2.64152087460966,4.49195955040266,-0.588055356458603,0.556495137253912,0.722385345640182
"hsa-miR-6763-5p",0.723773865367222,-2.6796758048996,2.04438327671681,-1.31075020785879,0.189942169823904,0.722385345640182
"hsa-miR-6764-3p",0.00900380641652103,-2.7197038255629,4.49207154138542,-0.60544534976932,0.544883126343041,0.722385345640182
"hsa-miR-6764-5p",0.202341201400749,-2.55683847486598,3.73267955249974,-0.684987403527229,0.493351869743462,0.722385345640182
"hsa-miR-6767-5p",0.0533968058990249,-2.34737303209062,4.49131130294713,-0.522647590816142,0.601219515789558,0.722385345640182
"hsa-miR-6769b-3p",0.00869832044721759,-2.72404431122348,4.4920779276161,-0.606410742448785,0.544242036784199,0.722385345640182
"hsa-miR-6779-5p",0.00548747696941721,-2.75605694587045,4.49212558973436,-0.613530697398295,0.539525491598013,0.722385345640182
"hsa-miR-6780b-3p",0.0180140930933977,-3.03477610489399,4.49096049585761,-0.6757521264534,0.49919803448124,0.722385345640182
"hsa-miR-6780b-5p",0.00365831797961148,-2.77678426896926,4.49215698313827,-0.618140523448353,0.536482711902032,0.722385345640182
"hsa-miR-6785-5p",0.00869832044721759,-2.72404431122348,4.4920779276161,-0.606410742448785,0.544242036784199,0.722385345640182
"hsa-miR-6786-3p",0.397205429358858,-1.32767858397349,2.13991787217854,-0.62043436397017,0.534971854146113,0.722385345640182
"hsa-miR-6786-5p",0.00182915898980574,-2.79810719011928,4.49218972277971,-0.622882683678784,0.533361618085026,0.722385345640182
"hsa-miR-6787-3p",0.0705537975584914,-2.35576227628705,4.49133148376098,-0.524513117057743,0.599921698910583,0.722385345640182
"hsa-miR-6793-3p",0.0991171073596084,-2.04329595569185,4.00096203478574,-0.510701160852498,0.6095603277489,0.722385345640182
"hsa-miR-6793-5p",0.449328110084362,-1.90743732644993,2.43833572447663,-0.78227018014894,0.434055807823783,0.722385345640182
"hsa-miR-6796-3p",0.0209031513247198,-2.60802181951154,4.49191328780401,-0.580603776700805,0.561507526317689,0.722385345640182
"hsa-miR-6796-5p",0.0115811303490851,-2.6920163050616,4.49203122651027,-0.599287086246047,0.548981457895539,0.722385345640182
"hsa-miR-6797-5p",0.00182915898980574,-2.79810719011928,4.49218972277971,-0.622882683678784,0.533361618085026,0.722385345640182
"hsa-miR-6798-5p",0.06039172958989,-2.64152087452635,4.49195955040254,-0.588055356440071,0.55649513726635,0.722385345640182
"hsa-miR-6799-3p",0.0209790550993832,-2.60611323628408,4.49191069373704,-0.580179218593487,0.561793766248382,0.722385345640182
"hsa-miR-6799-5p",0.0420027847185527,-2.64152087456307,4.4919595504026,-0.58805535644824,0.556495137260867,0.722385345640182
"hsa-miR-6800-3p",0.0627830774907074,-2.5637097705539,4.49183848561091,-0.570748431575723,0.568170183713875,0.722385345640182
"hsa-miR-6805-5p",0.452442758436261,-1.48943487290453,2.56370647067623,-0.580969346506997,0.561261113222141,0.722385345640182
"hsa-miR-6806-3p",0.0934208498582977,-2.43166496781166,4.49151920493057,-0.541390308460062,0.588238585800924,0.722385345640182
"hsa-miR-6807-5p",0.166312515670007,-1.85829966149414,3.49222804977126,-0.532124373039115,0.594639857647947,0.722385345640182
"hsa-miR-6810-3p",0.047074016441036,-2.38589303055868,4.49140492598911,-0.531213076949024,0.595271132069206,0.722385345640182
"hsa-miR-6810-5p",0.224782427772557,-2.08712566219635,3.83959490974368,-0.543579651306413,0.586730765711531,0.722385345640182
"hsa-miR-6812-3p",0.0434911608372281,-2.42379878298004,4.49149933749338,-0.539641353778473,0.58944439172489,0.722385345640182
"hsa-miR-6815-5p",0.00182915898980574,-2.79810719011928,4.49218972277971,-0.622882683678784,0.533361618085026,0.722385345640182
"hsa-miR-6817-3p",0.096039503546557,-2.43166496736474,4.49151920492944,-0.541390308360697,0.588238585869399,0.722385345640182
"hsa-miR-6818-3p",0.0646622029822404,-2.41282814615849,4.49147176434085,-0.537202118315572,0.59112800820035,0.722385345640182
"hsa-miR-6818-5p",0.0840055694371054,-2.45099580961168,4.49156848213934,-0.545688175379721,0.585280301459962,0.722385345640182
"hsa-miR-6821-5p",0.00869832044721759,-2.72404431122348,4.4920779276161,-0.606410742448785,0.544242036784199,0.722385345640182
"hsa-miR-6826-3p",0.00772075356605676,-2.73233687256826,4.49209017889534,-0.608255124842613,0.543018278863514,0.722385345640182
"hsa-miR-6826-5p",0.00772075356605676,-2.73233687256826,4.49209017889534,-0.608255124842613,0.543018278863514,0.722385345640182
"hsa-miR-6832-3p",0.0288470584997244,-2.91515993464337,4.49077996618724,-0.649143346276749,0.516245726581253,0.722385345640182
"hsa-miR-6833-3p",0.0707765580187667,-2.63443925274857,3.5739779675954,-0.737116813991175,0.461051314988245,0.722385345640182
"hsa-miR-6833-5p",0.310251530006065,-4.25613429459445,4.48643624155205,-0.948667063442334,0.342789970627808,0.722385345640182
"hsa-miR-6837-3p",0.0254228804297954,-2.56383755271474,4.49183874473772,-0.570776846278894,0.568150919861982,0.722385345640182
"hsa-miR-6840-3p",0.226290399204173,-2.10735123714232,3.80315180343702,-0.554106526917449,0.579505943533148,0.722385345640182
"hsa-miR-6840-5p",0.0552643827280676,-2.64152087453542,4.49195955040256,-0.588055356442089,0.556495137264996,0.722385345640182
"hsa-miR-6842-5p",0.899887237212799,-3.49580994217274,1.56351395392176,-2.23586744039233,0.0253604556706905,0.722385345640182
"hsa-miR-6847-5p",0.0267444946468808,-2.55230092514394,4.49181543505261,-0.568211441909801,0.569891403081361,0.722385345640182
"hsa-miR-6853-3p",0.0417274407156253,-2.53553428494679,4.49178186372138,-0.564482951726897,0.572425499307655,0.722385345640182
"hsa-miR-6855-3p",0.116890797709502,-2.00890704240649,3.21750567729536,-0.624367831448609,0.532386046134583,0.722385345640182
"hsa-miR-6855-5p",0.0123566384268291,-2.68577490613112,4.49202223866985,-0.597898844536089,0.549907430912848,0.722385345640182
"hsa-miR-6856-5p",0.00386037678302838,-2.77491894474155,4.49215414058932,-0.617725674118901,0.53675618503376,0.722385345640182
"hsa-miR-6859-3p",0.363431376730703,-1.95473816122374,2.81857158062999,-0.693520851007386,0.487982745199845,0.722385345640182
"hsa-miR-6862-3p",0.00365831797961148,-2.77678426896926,4.49215698313827,-0.618140523448353,0.536482711902032,0.722385345640182
"hsa-miR-6862-5p",0.0687401275099271,-2.22873182239593,4.32859124943647,-0.514886182123592,0.60663255722116,0.722385345640182
"hsa-miR-6866-3p",0.00182915898980574,-2.79810719011928,4.49218972277971,-0.622882683678784,0.533361618085026,0.722385345640182
"hsa-miR-6866-5p",0.0897008127111084,-2.14898186810593,3.9323442966181,-0.546488736999478,0.584730027736371,0.722385345640182
"hsa-miR-6875-3p",0.00182915898980574,-2.79810719011928,4.49218972277971,-0.622882683678784,0.533361618085026,0.722385345640182
"hsa-miR-6875-5p",0.134794100420976,-2.62204249037814,4.49193252729895,-0.583722590320119,0.559406966114468,0.722385345640182
"hsa-miR-6876-3p",0.00182915898980574,-2.79810719011928,4.49218972277971,-0.622882683678784,0.533361618085026,0.722385345640182
"hsa-miR-6877-5p",4.46818303925687,-1.68552234851502,1.16403310724076,-1.4480020697267,0.147616471751528,0.722385345640182
"hsa-miR-6878-5p",0.00182915898980574,-2.79810719011928,4.49218972277971,-0.622882683678784,0.533361618085026,0.722385345640182
"hsa-miR-6879-3p",0.0710395533088315,-2.86801990482225,4.19617095507945,-0.683484999902237,0.494300425459367,0.722385345640182
"hsa-miR-6886-3p",0.00182915898980574,-2.79810719011928,4.49218972277971,-0.622882683678784,0.533361618085026,0.722385345640182
"hsa-miR-6886-5p",0.00386037678302838,-2.77491894474155,4.49215414058932,-0.617725674118901,0.53675618503376,0.722385345640182
"hsa-miR-6892-5p",0.0105274794370233,-2.70466760344416,4.49204955742127,-0.602101016222273,0.547106898131773,0.722385345640182
"hsa-miR-7-5p",0.893613133402194,-3.8095292258871,2.81146793673774,-1.35499650417762,0.175418670817359,0.722385345640182
"hsa-miR-711",0.055678512383883,-2.67885563139919,4.48785682785611,-0.596912008148644,0.550566129636329,0.722385345640182
"hsa-miR-7110-3p",0.00751869476263986,-2.73411150055377,4.49209280930019,-0.608649824619209,0.542756571524457,0.722385345640182
"hsa-miR-7111-3p",0.00717464742671529,-2.7394624991976,4.49210075912054,-0.609839949301121,0.541967835023341,0.722385345640182
"hsa-miR-7111-5p",0.00182915898980574,-2.79810719011928,4.49218972277971,-0.622882683678784,0.533361618085026,0.722385345640182
"hsa-miR-7113-3p",0.0180140930933977,-3.03477610489399,4.49096049585761,-0.6757521264534,0.49919803448124,0.722385345640182
"hsa-miR-7113-5p",0.0211419181113245,-2.62204249047692,4.49193252729909,-0.583722590342091,0.559406966099682,0.722385345640182
"hsa-miR-7155-3p",3.39712506712818,-1.29274554334852,2.20861202929847,-0.585320339742577,0.558332340931402,0.722385345640182
"hsa-miR-7155-5p",0.0173966408944352,-2.6385876864915,4.49195545904543,-0.587402905159753,0.556933143148731,0.722385345640182
"hsa-miR-758-3p",0.20841689087611,-2.0654164681364,2.21426521784904,-0.932777361757397,0.350934932028503,0.722385345640182
"hsa-miR-758-5p",0.00365831797961148,-2.77678426896926,4.49215698313827,-0.618140523448353,0.536482711902032,0.722385345640182
"hsa-miR-760",4.09915829880499,0.765163386687663,1.14445058291705,0.668585780905771,0.503759745430477,0.722385345640182
"hsa-miR-769-3p",0.84467310624027,-1.73195083410875,1.59875810672068,-1.08331011854024,0.278670795532507,0.722385345640182
"hsa-miR-769-5p",29.0506419109263,-1.04659664213911,0.945794489293261,-1.10657934042434,0.26847584356952,0.722385345640182
"hsa-miR-770-5p",0.00386037678302838,-2.77491894474155,4.49215414058932,-0.617725674118901,0.53675618503376,0.722385345640182
"hsa-miR-7706",3.39960832793042,-1.03449238202815,0.977048250132073,-1.05879354667317,0.289693813287978,0.722385345640182
"hsa-miR-7845-5p",0.0646622029822404,-2.41282814615849,4.49147176434085,-0.537202118315572,0.59112800820035,0.722385345640182
"hsa-miR-7849-3p",0.0672066871472691,-2.89495753560939,4.4895969029302,-0.644814578725308,0.519047353177656,0.722385345640182
"hsa-miR-7850-5p",0.0115811303490851,-2.6920163050616,4.49203122651027,-0.599287086246047,0.548981457895539,0.722385345640182
"hsa-miR-7852-3p",0.020318024932681,-2.6220424904789,4.49193252729909,-0.583722590342532,0.559406966099386,0.722385345640182
"hsa-miR-877-3p",0.0876430029073194,-2.29851385319698,4.49119583099526,-0.511782148828639,0.608803485159912,0.722385345640182
"hsa-miR-877-5p",0.204018667902239,-1.58547122548165,2.89325285195271,-0.547989168804097,0.583699340002428,0.722385345640182
"hsa-miR-887-3p",1.87864482864434,-2.67141985094858,1.61189848461005,-1.65731271321025,0.0974562683137105,0.722385345640182
"hsa-miR-889-3p",0.333483226690019,-1.38578042118909,2.23318590211634,-0.620539660346152,0.534902551327127,0.722385345640182
"hsa-miR-9-3p",0.0389459618286837,-2.64152087457057,4.49195955040261,-0.588055356449907,0.556495137259748,0.722385345640182
"hsa-miR-92a-1-5p",0.0395599985466758,-2.56370977066445,4.49183848561114,-0.570748431600306,0.568170183697209,0.722385345640182
"hsa-miR-92a-3p",1112.48446445929,0.79787045471678,0.396598490559062,2.01178389154247,0.0442427227194743,0.722385345640182
"hsa-miR-93-5p",0.00386037678302838,-2.77491894474155,4.49215414058932,-0.617725674118901,0.53675618503376,0.722385345640182
"hsa-miR-935",0.18117518876967,-2.24868298563116,4.49108172369979,-0.500699636295792,0.616582528286314,0.722385345640182
"hsa-miR-940",0.0254889651876396,-2.56288206452496,4.49183680763488,-0.570564375840364,0.568294972538065,0.722385345640182
"hsa-miR-942-3p",0.0389459618286837,-2.64152087457057,4.49195955040261,-0.588055356449907,0.556495137259748,0.722385345640182
"hsa-miR-96-3p",0.189265374223483,-2.31992695347123,4.49124599215924,-0.516544174494413,0.605474394433333,0.722385345640182
"hsa-miR-9983-3p",0.193435767600721,-1.9139239888425,3.3722258178655,-0.567555108173017,0.570337096954313,0.722385345640182
"hsa-miR-99a-3p",0.0161784538432363,-2.64851892589385,4.49196934335896,-0.589611977163086,0.555450820033409,0.722385345640182
"hsa-miR-99a-5p",8.19495044680416,0.770874095816806,0.909850764251941,0.847253336595921,0.396853930125315,0.722385345640182
"hsa-miR-99b-5p",6.17799125363505,1.38414385727043,1.1641475780706,1.18897628045101,0.234449000913396,0.722385345640182
"hsa-miR-543",0.118111127844852,-1.93593201997153,3.89905449737669,-0.496513198590591,0.619532377637089,0.722967348512151
"hsa-miR-597-3p",0.568603361714777,-1.02731580184476,2.06638285949973,-0.497156563761603,0.619078649289597,0.722967348512151
"hsa-miR-335-3p",0.267522078352023,-1.24990390864497,2.54211936347038,-0.491677899395982,0.622947064223468,0.725690069607547
"hsa-miR-4523",0.171482683957037,-2.19761756911156,4.49096855207027,-0.489341562656565,0.624599900525744,0.725781435428937
"hsa-miR-5196-3p",0.140431606926041,-2.05202132692778,4.20057341067877,-0.488509811948791,0.625188777463377,0.725781435428937
"hsa-miR-485-5p",2.55887041990446,-0.616154754032964,1.26586368337352,-0.48674652897136,0.626437967451632,0.725975606494033
"hsa-miR-6798-3p",0.110817253541463,-2.12302000775311,4.4101667465737,-0.481392230668491,0.630237757481598,0.729119888396815
"hsa-miR-323b-3p",0.164169055389321,-1.71989872469693,3.58607662687048,-0.479604566118228,0.631508598927561,0.729332650396546
"hsa-miR-377-5p",0.120174001867333,-2.13946017796904,4.49084413873731,-0.476404905597678,0.633785940467341,0.730705096312004
"hsa-miR-125b-5p",34.1404909832933,0.290186901642706,0.614669362292947,0.472102433347581,0.636853675691619,0.732584402695488
"hsa-miR-197-5p",0.12985222562368,-1.98268399045224,4.25426667778946,-0.466046005250065,0.641182570838787,0.732584402695488
"hsa-miR-218-5p",0.457310467379264,-1.01043194076555,2.17320165636357,-0.46495084236974,0.641966659888147,0.732584402695488
"hsa-miR-28-5p",0.34398858632667,-1.03714937768831,2.21802008262525,-0.467601436890843,0.640069637179898,0.732584402695488
"hsa-miR-484",62.2828297882129,-0.224031647359364,0.478088037397738,-0.468599148765113,0.639356185862147,0.732584402695488
"hsa-miR-99b-3p",0.334795287238916,-0.933856002112393,2.00453608096677,-0.46587138589294,0.641307563921337,0.732584402695488
"hsa-let-7a-5p",0.566191924267386,-1.01679180335601,2.19768797521966,-0.462664315781397,0.6436050000512,0.7332070543877
"hsa-miR-1306-3p",4.75486187744737,0.579285204584298,1.25706418501525,0.460823887506804,0.64492496216046,0.733408648811774
"hsa-miR-4669",2.03317012478042,-1.1245746885357,2.46293452245061,-0.456599506923451,0.647958933675332,0.733408648811774
"hsa-miR-652-5p",0.111442108590325,-2.01332916459269,4.40942570046379,-0.456596686589123,0.647960961215199,0.733408648811774
"hsa-miR-671-3p",2.94295546028804,-0.601255387460705,1.31759421072462,-0.456328194649581,0.648153992168975,0.733408648811774
"hsa-miR-493-3p",0.721864167842529,-0.762255369538734,1.68151470009867,-0.453314722430917,0.650322133004744,0.734623150246099
"hsa-miR-27b-3p",25.9643196776633,0.298189609017069,0.697650119660399,0.427419992649354,0.669073448063073,0.754534930504743
"hsa-miR-146a-3p",0.246069282034599,-1.40747530065091,3.3179008003453,-0.424206564736485,0.67141517361729,0.755682150839129
"hsa-miR-4746-5p",0.513980084656852,-0.850016256779592,2.00980646177091,-0.422934383458303,0.672343135694426,0.755682150839129
"hsa-miR-130b-5p",0.180238225251288,-1.70100721587884,4.07093737914206,-0.417841655976865,0.676062892354288,0.757325877745788
"hsa-miR-942-5p",8.69106264668789,-0.294391304482991,0.704032128553369,-0.418150383403525,0.67583716969349,0.757325877745788
"hsa-miR-10b-3p",0.917905681854294,-0.608686882582958,1.49073005351887,-0.408314624868635,0.68304270359663,0.763869423522232
"hsa-miR-6820-3p",1.1662913937483,-0.664925352405813,1.63598274302774,-0.406437876707199,0.684420894084294,0.764137137987622
"hsa-miR-17-5p",17.5770976606061,0.244624615668138,0.614881624190201,0.397840179384623,0.690747997788111,0.769590693735818
"hsa-miR-548aw",0.864481910118883,-1.09435639053964,2.75875060225348,-0.396685510334178,0.69159938647198,0.769590693735818
"hsa-miR-331-5p",1.07679597906566,0.552310888935933,1.41544490634714,0.390203028361796,0.696386422460621,0.773634585217014
"hsa-miR-148b-5p",2.57154816912072,0.416493564359548,1.09548373844082,0.380191462223195,0.703803296428796,0.779293749016043
"hsa-miR-30c-5p",8.31644413627694,0.347421002454385,0.913634849564993,0.380262423899222,0.70375062556992,0.779293749016043
"hsa-miR-3074-5p",134.895003388458,-0.135210007072945,0.359712959656761,-0.37588305742991,0.70700383665929,0.781547898514635
"hsa-miR-500a-3p",1.73439817306516,-0.479728824678194,1.30887509297847,-0.366519943157087,0.713977133919815,0.787958317204269
"hsa-miR-24-3p",135.795756714455,-0.128873593049623,0.359135314641952,-0.35884411194178,0.719711710850044,0.792982853826568
"hsa-miR-376c-3p",1.79012614246233,-0.584621365611378,1.64221885087025,-0.355994796492302,0.721844462054249,0.794028908259674
"hsa-miR-532-3p",2.84402990907576,-0.434354211181728,1.24313040377423,-0.349403578146749,0.726786347429763,0.798156528846761
"hsa-miR-23b-3p",123.057968757583,-0.158201308606779,0.460267962019902,-0.343715664919424,0.731060129271986,0.801538148270429
"hsa-miR-335-5p",5.36028850278224,0.238783919302124,0.726388307841429,0.328727647078608,0.742361555309293,0.811277856046475
"hsa-miR-660-5p",44.6357042751154,0.203762234181211,0.618393470701236,0.329502564039287,0.741775856239561,0.811277856046475
"hsa-miR-431-5p",3.63990678809527,0.404234996256764,1.24181647789932,0.325519111278485,0.744788220845652,0.812463817049968
"hsa-miR-92b-3p",4.43672924174539,0.341920130475662,1.05500964087097,0.32409194876493,0.745868422209806,0.812463817049968
"hsa-miR-122-5p",2232.13714685027,0.286403657639432,0.935141214252114,0.306267816319577,0.759400741423496,0.820544118349704
"hsa-miR-122b-3p",2232.13714685027,0.286403657639432,0.935141214252114,0.306267816319577,0.759400741423496,0.820544118349704
"hsa-miR-17-3p",10.5597773369029,0.320441409096236,1.04520627571784,0.306581979596477,0.759161571715446,0.820544118349704
"hsa-miR-181d-5p",3.2300312888506,0.390532581640139,1.25638245883419,0.310838931962262,0.755923071297631,0.820544118349704
"hsa-miR-18a-3p",2.1833913197077,0.376424653922523,1.22685702858501,0.306820310070417,0.758980148210305,0.820544118349704
"hsa-let-7b-5p",435.108052117199,0.225447706273793,0.744938725247315,0.302639262308381,0.762164789765709,0.822206710502879
"hsa-miR-15b-3p",1.83252624979848,-0.315319779572652,1.08548466346241,-0.290487549190114,0.771443274645855,0.830880316673144
"hsa-let-7i-3p",1.84105299878456,-0.35831665721144,1.25742465692087,-0.28496073720144,0.775674222487865,0.834098402707303
"hsa-miR-101-3p",1889.93245516255,0.129153559258135,0.462704609865555,0.279127453032426,0.780147015599184,0.837565835947284
"hsa-miR-1260a",0.970287336372418,-0.34917145020919,1.35675371493129,-0.257358020373559,0.79690240653589,0.854187723299652
"hsa-miR-331-3p",0.721227082550787,-0.383996694794646,1.52365953585242,-0.252022637445587,0.801023566280336,0.857235746370184
"hsa-miR-15b-5p",8.39296086892844,-0.181786718251723,0.799008723799783,-0.227515310955823,0.820023064961915,0.873680840519913
"hsa-miR-18a-5p",7.36128014371873,-0.15561811141952,0.68504837672772,-0.227163681728381,0.820296467254166,0.873680840519913
"hsa-miR-92b-5p",3.80506222238221,0.276433769769065,1.21039905668082,0.228382340719189,0.819349016783696,0.873680840519913
"hsa-miR-11400",0.500700233482763,-0.643380592678976,2.859730959364,-0.224979413036135,0.821995289754748,0.874102756617172
"hsa-miR-744-5p",39.7439958292098,0.136325466012855,0.62277053400641,0.218901599495797,0.826726700467976,0.87774306331331
"hsa-miR-1976",2.30158862621713,0.216950147813449,1.01914871373267,0.212873886695948,0.831425330954902,0.881337120174944
"hsa-miR-127-5p",1.12448923478701,0.343459732839865,1.68631095600446,0.203675206886906,0.838607318100272,0.886150410150051
"hsa-miR-200b-3p",1.29183046765515,-0.353682024594269,1.73302208560116,-0.204083968423046,0.838287882035881,0.886150410150051
"hsa-miR-432-5p",11.9944941782169,-0.222538628711757,1.13797720657381,-0.195556314683816,0.844957455821034,0.89005722583346
"hsa-miR-652-3p",10.8255345273719,-0.142015879870798,0.724531252497497,-0.196010702618089,0.844601789012358,0.89005722583346
"hsa-miR-487b-3p",0.59977102211991,-0.455166816283854,2.41187970831209,-0.188718705462469,0.850313290181311,0.894295012087241
"hsa-miR-197-3p",7.25881686386754,-0.123846215444826,0.66966522521261,-0.184937504266414,0.853278054192929,0.896008723573482
"hsa-miR-193b-5p",2.82572340108973,-0.240631462526712,1.34272007405627,-0.179211934919376,0.857771292726473,0.899319589717912
"hsa-miR-494-3p",0.743488227314715,-0.319830031192831,1.89518719073906,-0.16875907179813,0.865986152474427,0.906515925601156
"hsa-miR-377-3p",1.01957957344029,-0.236932056650851,1.53819082351808,-0.154032941185379,0.877583762214078,0.917225396332783
"hsa-miR-532-5p",19.383738012601,0.0915257722282453,0.610081397858275,0.150022230721264,0.88074707616866,0.918129084773325
"hsa-miR-6842-3p",1.6102055546398,-0.192780354617177,1.28978372189573,-0.149467194650144,0.881184993433713,0.918129084773325
"hsa-miR-26b-3p",0.555608479373869,-0.246718701320857,1.70752063883528,-0.144489440250132,0.885113994413651,0.920793008141953
"hsa-miR-20a-5p",28.2524566170924,0.0894073836921626,0.634387202800293,0.14093503667398,0.887921263116886,0.922283541101286
"hsa-miR-1294",0.889852303795857,-0.226097355403597,1.74658790883686,-0.129450887790793,0.897000883744361,0.930274486850798
"hsa-miR-136-3p",0.718520674651305,0.178320296076311,1.41051931582532,0.126421732815458,0.899398099869271,0.931321180574508
"hsa-miR-1292-5p",2.55209839927064,-0.177328994851661,1.49820223939404,-0.118361186620161,0.905781478137926,0.936485935023958
"hsa-miR-200c-3p",0.999000120513182,-0.1568575931452,1.36562777708058,-0.114861161861051,0.90855516963497,0.9379084905001
"hsa-miR-125b-2-3p",4.50014230198465,-0.1217089722083,1.1034672903111,-0.110296855445518,0.912173951040894,0.940197728338617
"hsa-miR-379-5p",1.10896457734434,-0.165924006679817,1.68026386512577,-0.0987487799527231,0.921337737304731,0.948186536397967
"hsa-miR-337-5p",1.39371676704584,-0.0996129492978268,1.36476132725227,-0.0729892819416135,0.941814646532955,0.967775846590525
"hsa-miR-155-5p",12.0897287702232,-0.0617991401327527,0.91188677413456,-0.0677706288605886,0.945968224764858,0.969075845522473
"hsa-miR-181c-5p",2.15211364933517,0.0727887377456723,1.05187560250536,0.069198998030094,0.94483122065379,0.969075845522473
"hsa-miR-411-5p",1.47916950591344,-0.146620148789576,2.30467771786703,-0.0636185040766882,0.949273997465415,0.970979957773313
"hsa-miR-1228-3p",0.996911874350732,-0.117714729771522,1.91150977823437,-0.061582070419882,0.950895655570996,0.971158272280271
"hsa-miR-576-5p",4.13535327756618,0.0629697361652615,1.06919807857337,0.0588943596394054,0.953036250611095,0.971865234285782
"hsa-miR-485-3p",1.33612301052801,-0.0808016328007775,1.46286087510927,-0.0552353502480145,0.955950966486413,0.972129224409916
"hsa-miR-486-3p",7472.05869412204,0.0182922819158373,0.344399707258032,0.0531135234157801,0.957641456534955,0.972129224409916
"hsa-miR-486-5p",7472.05869412204,0.0182922819158373,0.344399707258032,0.0531135234157801,0.957641456534955,0.972129224409916
"hsa-miR-590-3p",1.29243693396176,0.0861716571077202,1.70083401482358,0.0506643542854229,0.959592981311434,0.972638807341348
"hsa-miR-142-5p",1.24124132630308,-0.0503880660774417,1.3258686087132,-0.0380038155713974,0.969684639841485,0.978433674185919
"hsa-miR-3158-3p",8.04626483562827,-0.0488940398810189,1.28005062809701,-0.0381969578451029,0.969530646415536,0.978433674185919
"hsa-miR-3158-5p",8.04626483562827,-0.0488940398810189,1.28005062809701,-0.0381969578451029,0.969530646415536,0.978433674185919
"hsa-miR-148b-3p",160.125499138569,0.0116397410140911,0.420397181627767,0.0276874858414187,0.977911404730409,0.984221395668229
"hsa-miR-574-3p",0.774091528581287,0.0433016556268199,1.59594426463478,0.0271323106867577,0.978354204039804,0.984221395668229
"hsa-miR-145-5p",3.03886474005597,-0.0208410204282976,1.01982897679896,-0.0204357994354244,0.983695725987687,0.98709993131269
"hsa-miR-181a-2-3p",1.44837184639396,0.0237896168222827,1.32072471542313,0.018012547614558,0.985628843486591,0.98709993131269
"hsa-miR-30e-5p",865.255486909046,0.00697734934724977,0.38108763162332,0.0183090417223155,0.985392314425077,0.98709993131269
"hsa-miR-501-5p",1.2516780766318,0.00170341028876261,1.35728675930143,0.00125501135046755,0.998998646082694,0.998998646082694
"hsa-miR-184",1215.2331954196,-7.03218895529764,4.36257928724379,-1.61193378785339,NA,NA
"hsa-miR-203a-3p",8.98595577564292,-1.73895539011993,1.75258143667894,-0.992225156404241,NA,NA
"hsa-miR-203b-5p",8.98595577564292,-1.73895539011993,1.75258143667894,-0.992225156404241,NA,NA
"hsa-miR-9-5p",52.7246564591541,-6.74767492550936,3.30245888682742,-2.04322753340668,NA,NA
